"id","name","default_code","categ_id","partner_id","tag_ids","hr_expense_ok","sale_ok","purchase_ok","is_one_time_use","type","procure_method","supply_method","cost_method","uom_id","uom_po_id","valuation","standard_price","list_price","taxes_id","supplier_taxes_id","property_account_income","property_account_expense","use_suspend_account"
"product.product_expense_1","เบี้ยเลี้ยงพนักงานขนส่ง - โรงงาน",,"Expenses",,,"TRUE","FALSE","FALSE","FALSE","Service","Make to Stock","Buy","Standard Price","EA","EA","Periodical (manual)",0,0,"Output VAT 7%","Input VAT",500451,500451,TRUE
"product.product_expense_2","เบี้ยเลี้ยงพนักงานอื่นๆ - โรงงาน",,"Expenses",,,"TRUE","FALSE","FALSE","FALSE","Service","Make to Stock","Buy","Standard Price","EA","EA","Periodical (manual)",0,0,"Output VAT 7%","Input VAT",500450,500450,TRUE
"product.product_expense_3","ค่าเบี้ยเลี้ยง - Install",,"Expenses",,,"TRUE","FALSE","FALSE","FALSE","Service","Make to Stock","Buy","Standard Price","EA","EA","Periodical (manual)",0,0,"Output VAT 7%","Input VAT",501160,501160,TRUE
"product.product_expense_4","ค่าเบี้ยเลี้ยงแผนกอื่นๆ - สำนักงาน",,"Expenses",,,"TRUE","FALSE","FALSE","FALSE","Service","Make to Stock","Buy","Standard Price","EA","EA","Periodical (manual)",0,0,"Output VAT 7%","Input VAT",501440,501440,TRUE
"product.product_expense_5","ค่าทางด่วน/ค่าที่จอดรถ - โรงงาน",,"Expenses",,,"TRUE","FALSE","FALSE","FALSE","Service","Make to Stock","Buy","Standard Price","EA","EA","Periodical (manual)",0,0,"Output VAT 7%","Input VAT",500525,500525,TRUE
"product.product_expense_6","ค่าทางด่วน - สำนักงาน",,"Expenses",,,"TRUE","FALSE","FALSE","FALSE","Service","Make to Stock","Buy","Standard Price","EA","EA","Periodical (manual)",0,0,"Output VAT 7%","Input VAT",501430,501430,TRUE
"product.product_expense_7","ค่าที่จอดรถ/ค่าข้ามแพ - สำนักงาน",,"Expenses",,,"TRUE","FALSE","FALSE","FALSE","Service","Make to Stock","Buy","Standard Price","EA","EA","Periodical (manual)",0,0,"Output VAT 7%","Input VAT",501440,501440,TRUE
"product.product_expense_8","ค่าที่พักพนักงานทำงานนอกโรงงาน",,"Expenses",,,"TRUE","FALSE","FALSE","FALSE","Service","Make to Stock","Buy","Standard Price","EA","EA","Periodical (manual)",0,0,"Output VAT 7%","Input VAT",500525,500525,TRUE
"product.product_expense_9","ค่าที่พักพนักงานไปทำงานหน้างาน -  สำนักงาน",,"Expenses",,,"TRUE","FALSE","FALSE","FALSE","Service","Make to Stock","Buy","Standard Price","EA","EA","Periodical (manual)",0,0,"Output VAT 7%","Input VAT",501440,501440,TRUE
"product.product_expense_10","ค่าปรับตำรวจ",,"Expenses",,,"TRUE","FALSE","FALSE","FALSE","Service","Make to Stock","Buy","Standard Price","EA","EA","Periodical (manual)",0,0,"Output VAT 7%","Input VAT",502170,502170,TRUE
"product.product_expense_11","ค่าธรรมเนียมเก็บขนมูลฝอย/ขนถ่ายสิ่งปฏิกูล - โรงงาน",,"Expenses",,,"TRUE","FALSE","FALSE","FALSE","Service","Make to Stock","Buy","Standard Price","EA","EA","Periodical (manual)",0,0,"Output VAT 7%","Input VAT",500520,500520,TRUE
"product.product_expense_12","ค่าธรรมเนียมเก็บขนมูลฝอย/ขนถ่ายสิ่งปฏิกูล - สำนักงาน",,"Expenses",,,"TRUE","FALSE","FALSE","FALSE","Service","Make to Stock","Buy","Standard Price","EA","EA","Periodical (manual)",0,0,"Output VAT 7%","Input VAT",502190,502190,TRUE
"product.product_expense_13","ค่าไปรษณีย์/ค่าอากรแสตมป์ - สำนักงาน",,"Expenses",,,"TRUE","FALSE","FALSE","FALSE","Service","Make to Stock","Buy","Standard Price","EA","EA","Periodical (manual)",0,0,"Output VAT 7%","Input VAT",501260,501260,TRUE
"product.product_expense_14","เงินทดรองจ่าย - โรงงาน",,"Expenses",,,"TRUE","FALSE","FALSE","FALSE","Service","Make to Stock","Buy","Standard Price","EA","EA","Periodical (manual)",0,0,"Output VAT 7%","Input VAT",100630,100630,TRUE
"product.product_expense_15","เงินทดรองจ่าย - เดินทางไปต่างประเทศ",,"Expenses",,,"TRUE","FALSE","FALSE","FALSE","Service","Make to Stock","Buy","Standard Price","EA","EA","Periodical (manual)",0,0,"Output VAT 7%","Input VAT",100630,100630,TRUE
"product.product_expense_16","เงินทดรองจ่าย - เดินทางภายในประเทศ",,"Expenses",,,"TRUE","FALSE","FALSE","FALSE","Service","Make to Stock","Buy","Standard Price","EA","EA","Periodical (manual)",0,0,"Output VAT 7%","Input VAT",100630,100630,TRUE
"product.product_expense_17","เงินทดรองจ่าย - รับรองลูกค้า",,"Expenses",,,"TRUE","FALSE","FALSE","FALSE","Service","Make to Stock","Buy","Standard Price","EA","EA","Periodical (manual)",0,0,"Output VAT 7%","Input VAT",100630,100630,TRUE
"product.product_expense_18","เงินทดรองจ่าย - กรรมการ",,"Expenses",,,"TRUE","FALSE","FALSE","FALSE","Service","Make to Stock","Buy","Standard Price","EA","EA","Periodical (manual)",0,0,"Output VAT 7%","Input VAT",100630,100630,TRUE
"product.product_expense_19","เงินทดรองจ่าย - อื่นๆ",,"Expenses",,,"TRUE","FALSE","FALSE","FALSE","Service","Make to Stock","Buy","Standard Price","EA","EA","Periodical (manual)",0,0,"Output VAT 7%","Input VAT",100630,100630,TRUE
"product.product_expense_20","ค่าแท็กซี่ - สำนักงาน",,"Expenses",,,"TRUE","FALSE","FALSE","FALSE","Service","Make to Stock","Buy","Standard Price","EA","EA","Periodical (manual)",0,0,"Output VAT 7%","Input VAT",501420,501420,TRUE
"product.product_expense_21","ค่าอาหารและเครื่องดื่มรับรองลูกค้า",,"Expenses",,,"TRUE","FALSE","FALSE","FALSE","Service","Make to Stock","Buy","Standard Price","EA","EA","Periodical (manual)",0,0,"Output VAT 7%","Input VAT",501330,501330,TRUE
"product.product_expense_22","ค่าของขวัญให้ลูกค้า ",,"Expenses",,,"TRUE","FALSE","FALSE","FALSE","Service","Make to Stock","Buy","Standard Price","EA","EA","Periodical (manual)",0,0,"Output VAT 7%","Input VAT",501330,501330,TRUE
"product.product_expense_23","ค่าธรรมเนียมการขอวีซ่าและหนังสือเดินทาง",,"Expenses",,,"TRUE","FALSE","FALSE","FALSE","Service","Make to Stock","Buy","Standard Price","EA","EA","Periodical (manual)",0,0,"Output VAT 7%","Input VAT",501440,501440,TRUE
"product.product_expense_24","ค่าสมาชิก/ค่าบำรุงสมาคม ",,"Expenses",,,"TRUE","FALSE","FALSE","FALSE","Service","Make to Stock","Buy","Standard Price","EA","EA","Periodical (manual)",0,0,"Output VAT 7%","Input VAT",502130,502130,TRUE
"product.product_expense_25","ค่าธรรมเนียมการขอหนังสือรับรองและเอกสารต่างๆ",,"Expenses",,,"TRUE","FALSE","FALSE","FALSE","Service","Make to Stock","Buy","Standard Price","EA","EA","Periodical (manual)",0,0,"Output VAT 7%","Input VAT",502130,502130,TRUE
"product.product_expense_26","ค่ารับรองอื่นๆ ",,"Expenses",,,"TRUE","FALSE","TRUE","FALSE","Service","Make to Stock","Buy","Standard Price","EA","EA","Periodical (manual)",0,0,"Output VAT 7%","Input VAT",501330,501330,TRUE
"product.product_expense_27","ค่าใช้จ่ายเดินทางอื่นๆ - โรงงาน",,"Expenses",,,"TRUE","FALSE","TRUE","FALSE","Service","Make to Stock","Buy","Standard Price","EA","EA","Periodical (manual)",0,0,"Output VAT 7%","Input VAT",500525,500525,TRUE
"product.product_expense_28","ค่าใช้จ่ายเดินทางอื่นๆ - สำนักงาน",,"Expenses",,,"TRUE","FALSE","TRUE","FALSE","Service","Make to Stock","Buy","Standard Price","EA","EA","Periodical (manual)",0,0,"Output VAT 7%","Input VAT",501440,501440,TRUE
"product.product_expense_29","ค่าตั๋วเครื่องบิน",,"Expenses",,,"TRUE","FALSE","TRUE","FALSE","Service","Make to Stock","Buy","Standard Price","EA","EA","Periodical (manual)",0,0,"Output VAT 7%","Input VAT",501440,501440,TRUE
"product.product_expense_30","ค่าน้ำมันรถ - โรงงาน",,"Expenses",,,"TRUE","FALSE","TRUE","FALSE","Service","Make to Stock","Buy","Standard Price","EA","EA","Periodical (manual)",0,0,"Output VAT 7%","Input VAT",500525,500525,TRUE
"product.product_expense_31","ค่าน้ำมันรถ - สำนักงาน",,"Expenses",,,"TRUE","FALSE","TRUE","FALSE","Service","Make to Stock","Buy","Standard Price","EA","EA","Periodical (manual)",0,0,"Output VAT 7%","Input VAT",501410,501410,TRUE
"product.product_expense_32","ค่าน้ำมันรถโฟล์คลิฟท์/เครื่องตัดหญ้า",,"Expenses",,,"TRUE","FALSE","TRUE","FALSE","Service","Make to Stock","Buy","Standard Price","EA","EA","Periodical (manual)",0,0,"Output VAT 7%","Input VAT",500599,500599,TRUE
"product.product_expense_33","ค่าแก๊ส",,"Expenses",,,"TRUE","FALSE","TRUE","FALSE","Service","Make to Stock","Buy","Standard Price","EA","EA","Periodical (manual)",0,0,"Output VAT 7%","Input VAT",500510,500510,TRUE
"product.product_expense_34","ค่ารถตู้ - สำนักงาน",,"Expenses",,,"TRUE","FALSE","TRUE","FALSE","Service","Make to Stock","Buy","Standard Price","EA","EA","Periodical (manual)",0,0,"Output VAT 7%","Input VAT",501420,501420,TRUE
"product.product_expense_35","ค่าซ่อมแซมบำรุงรักษา/คชจ.อื่นๆเกี่ยวกับยานพาหนะ - โรงงาน",,"Expenses",,,"TRUE","FALSE","TRUE","FALSE","Service","Make to Stock","Buy","Standard Price","EA","EA","Periodical (manual)",0,0,"Output VAT 7%","Input VAT",500526,500526,TRUE
"product.product_expense_36","ค่าซ่อมแซมบำรุงรักษา/คชจ.อื่นๆเกี่ยวกับยานพาหนะ - สำนักงาน",,"Expenses",,,"TRUE","FALSE","TRUE","FALSE","Service","Make to Stock","Buy","Standard Price","EA","EA","Periodical (manual)",0,0,"Output VAT 7%","Input VAT",501670,501670,TRUE
"product.product_expense_37","ค่าประกันภัย/ค่าพ.ร.บ.ยานพาหนะ - โรงงาน",,"Expenses",,,"TRUE","FALSE","TRUE","FALSE","Service","Make to Stock","Buy","Standard Price","EA","EA","Periodical (manual)",0,0,"Output VAT 7%","Input VAT",500527,500527,TRUE
"product.product_expense_38","ค่าต่อทะเบียนรถยนต์ - โรงงาน",,"Expenses",,,"TRUE","FALSE","TRUE","FALSE","Service","Make to Stock","Buy","Standard Price","EA","EA","Periodical (manual)",0,0,"Output VAT 7%","Input VAT",500528,500528,TRUE
"product.product_expense_39","ค่าประกันภัย/ค่าพ.ร.บ.ยานพาหนะ - สำนักงาน",,"Expenses",,,"TRUE","FALSE","TRUE","FALSE","Service","Make to Stock","Buy","Standard Price","EA","EA","Periodical (manual)",0,0,"Output VAT 7%","Input VAT",501450,501450,TRUE
"product.product_expense_40","ค่าต่อทะเบียนรถยนต์ - สำนักงาน",,"Expenses",,,"TRUE","FALSE","TRUE","FALSE","Service","Make to Stock","Buy","Standard Price","EA","EA","Periodical (manual)",0,0,"Output VAT 7%","Input VAT",501460,501460,TRUE
"product.product_expense_41","ค่าภาษีโรงเรือน-ที่ดินและภาษีป้าย - โรงงาน",,"Expenses",,,"TRUE","FALSE","TRUE","FALSE","Service","Make to Stock","Buy","Standard Price","EA","EA","Periodical (manual)",0,0,"Output VAT 7%","Input VAT",500592,500592,TRUE
"product.product_expense_42","ค่าธรรมเนียมใบอนุญาตโรงงาน",,"Expenses",,,"TRUE","FALSE","TRUE","FALSE","Service","Make to Stock","Buy","Standard Price","EA","EA","Periodical (manual)",0,0,"Output VAT 7%","Input VAT",500593,500593,TRUE
"product.product_expense_43","ค่ารักษาความปลอดภัย - โรงงาน",,"Expenses",,,"TRUE","FALSE","TRUE","FALSE","Service","Make to Stock","Buy","Standard Price","EA","EA","Periodical (manual)",0,0,"Output VAT 7%","Input VAT",500595,500595,TRUE
"product.product_expense_44","ค่ารักษาความปลอดภัย - สำนักงาน",,"Expenses",,,"TRUE","FALSE","TRUE","FALSE","Service","Make to Stock","Buy","Standard Price","EA","EA","Periodical (manual)",0,0,"Output VAT 7%","Input VAT",501291,501291,TRUE
"product.product_expense_45","ค่าใช้จ่ายวิจัยและพัฒนา",,"Expenses",,,"TRUE","FALSE","TRUE","FALSE","Service","Make to Stock","Buy","Standard Price","EA","EA","Periodical (manual)",0,0,"Output VAT 7%","Input VAT",500594,500594,TRUE
"product.product_expense_46","ค่ายาและค่ารักษาพยาบาลพนักงาน - โรงงาน",,"Expenses",,,"TRUE","FALSE","TRUE","FALSE","Service","Make to Stock","Buy","Standard Price","EA","EA","Periodical (manual)",0,0,"Output VAT 7%","Input VAT",500453,500453,TRUE
"product.product_expense_47","ค่ายาและค่ารักษาพยาบาลพนักงาน - สำนักงาน",,"Expenses",,,"TRUE","FALSE","TRUE","FALSE","Service","Make to Stock","Buy","Standard Price","EA","EA","Periodical (manual)",0,0,"Output VAT 7%","Input VAT",501133,501133,TRUE
"product.product_expense_48","ค่าประกันภัยพนักงาน",,"Expenses",,,"TRUE","FALSE","TRUE","FALSE","Service","Make to Stock","Buy","Standard Price","EA","EA","Periodical (manual)",0,0,"Output VAT 7%","Input VAT",501150,501150,TRUE
"product.product_expense_49","ค่าตรวจสุขภาพพนักงาน - โรงงาน",,"Expenses",,,"TRUE","FALSE","TRUE","FALSE","Service","Make to Stock","Buy","Standard Price","EA","EA","Periodical (manual)",0,0,"Output VAT 7%","Input VAT",500454,500454,TRUE
"product.product_expense_50","ค่าตรวจสุขภาพพนักงาน - สำนักงาน",,"Expenses",,,"TRUE","FALSE","TRUE","FALSE","Service","Make to Stock","Buy","Standard Price","EA","EA","Periodical (manual)",0,0,"Output VAT 7%","Input VAT",501132,501132,TRUE
"product.product_expense_51","ค่าเสื้อพนักงาน - โรงงาน",,"Expenses",,,"TRUE","FALSE","TRUE","FALSE","Service","Make to Stock","Buy","Standard Price","EA","EA","Periodical (manual)",0,0,"Output VAT 7%","Input VAT",500454,500454,TRUE
"product.product_expense_52","ค่าเสื้อพนักงาน - สำนักงาน",,"Expenses",,,"TRUE","FALSE","TRUE","FALSE","Service","Make to Stock","Buy","Standard Price","EA","EA","Periodical (manual)",0,0,"Output VAT 7%","Input VAT",501132,501132,TRUE
"product.product_expense_53","ค่าชดเชยพนักงาน - โรงงาน",,"Expenses",,,"TRUE","FALSE","TRUE","FALSE","Service","Make to Stock","Buy","Standard Price","EA","EA","Periodical (manual)",0,0,"Output VAT 7%","Input VAT",500454,500454,TRUE
"product.product_expense_54","ค่าชดเชยพนักงาน - สำนักงาน",,"Expenses",,,"TRUE","FALSE","TRUE","FALSE","Service","Make to Stock","Buy","Standard Price","EA","EA","Periodical (manual)",0,0,"Output VAT 7%","Input VAT",501132,501132,TRUE
"product.product_expense_55","ค่าสวัสดิการพนักงานอื่นๆ - โรงงาน",,"Expenses",,,"TRUE","FALSE","TRUE","FALSE","Service","Make to Stock","Buy","Standard Price","EA","EA","Periodical (manual)",0,0,"Output VAT 7%","Input VAT",500454,500454,TRUE
"product.product_expense_56","ค่าสวัสดิการพนักงานอื่นๆ - สำนักงาน",,"Expenses",,,"TRUE","FALSE","TRUE","FALSE","Service","Make to Stock","Buy","Standard Price","EA","EA","Periodical (manual)",0,0,"Output VAT 7%","Input VAT",501132,501132,TRUE
"product.product_expense_57","ค่าใช้จ่ายสำหรับพนักงานอื่นๆ - โรงงาน",,"Expenses",,,"TRUE","FALSE","TRUE","FALSE","Service","Make to Stock","Buy","Standard Price","EA","EA","Periodical (manual)",0,0,"Output VAT 7%","Input VAT",500452,500452,TRUE
"product.product_expense_58","ค่าใช้จ่ายสำหรับพนักงานอื่นๆ - สำนักงาน",,"Expenses",,,"TRUE","FALSE","TRUE","FALSE","Service","Make to Stock","Buy","Standard Price","EA","EA","Periodical (manual)",0,0,"Output VAT 7%","Input VAT",501160,501160,TRUE
"product.product_expense_59","ค่าน้ำประปา - โรงงาน",,"Expenses",,,"TRUE","FALSE","TRUE","FALSE","Service","Make to Stock","Buy","Standard Price","EA","EA","Periodical (manual)",0,0,"Output VAT 7%","Input VAT",500522,500522,TRUE
"product.product_expense_60","ค่าไฟฟ้า - โรงงาน",,"Expenses",,,"TRUE","FALSE","TRUE","FALSE","Service","Make to Stock","Buy","Standard Price","EA","EA","Periodical (manual)",0,0,"Output VAT 7%","Input VAT",500521,500521,TRUE
"product.product_expense_61","ค่าโทรศัพท์และโทรสาร - โรงงาน",,"Expenses",,,"TRUE","FALSE","TRUE","FALSE","Service","Make to Stock","Buy","Standard Price","EA","EA","Periodical (manual)",0,0,"Output VAT 7%","Input VAT",500523,500523,TRUE
"product.product_expense_62","ค่าเช่า - โรงงาน",,"Expenses",,,"TRUE","FALSE","TRUE","FALSE","Service","Make to Stock","Buy","Standard Price","EA","EA","Periodical (manual)",0,0,"Output VAT 7%","Input VAT",500524,500524,TRUE
"product.product_expense_63","ค่าน้ำประปา - สำนักงาน",,"Expenses",,,"TRUE","FALSE","TRUE","FALSE","Service","Make to Stock","Buy","Standard Price","EA","EA","Periodical (manual)",0,0,"Output VAT 7%","Input VAT",501240,501240,TRUE
"product.product_expense_64","ค่าไฟฟ้า - สำนักงาน",,"Expenses",,,"TRUE","FALSE","TRUE","FALSE","Service","Make to Stock","Buy","Standard Price","EA","EA","Periodical (manual)",0,0,"Output VAT 7%","Input VAT",501230,501230,TRUE
"product.product_expense_65","ค่าโทรศัพท์ - สำนักงาน",,"Expenses",,,"TRUE","FALSE","TRUE","FALSE","Service","Make to Stock","Buy","Standard Price","EA","EA","Periodical (manual)",0,0,"Output VAT 7%","Input VAT",501210,501210,TRUE
"product.product_expense_66","ค่าโทรสาร - สำนักงาน",,"Expenses",,,"TRUE","FALSE","TRUE","FALSE","Service","Make to Stock","Buy","Standard Price","EA","EA","Periodical (manual)",0,0,"Output VAT 7%","Input VAT",501220,501220,TRUE
"product.product_expense_67","ค่าเช่า - สำนักงาน",,"Expenses",,,"TRUE","FALSE","TRUE","FALSE","Service","Make to Stock","Buy","Standard Price","EA","EA","Periodical (manual)",0,0,"Output VAT 7%","Input VAT",501250,501250,TRUE
"product.product_expense_68","ค่าถ่ายเอกสาร/ค่าบริการ Internet /ค่า Leased Line",,"Expenses",,,"TRUE","FALSE","TRUE","FALSE","Service","Make to Stock","Buy","Standard Price","EA","EA","Periodical (manual)",0,0,"Output VAT 7%","Input VAT",502140,502140,TRUE
"product.product_expense_69","ค่าใช้จ่ายเกี่ยวกับจัดหาบุคคลากร",,"Expenses",,,"TRUE","FALSE","TRUE","FALSE","Service","Make to Stock","Buy","Standard Price","EA","EA","Periodical (manual)",0,0,"Output VAT 7%","Input VAT",501290,501290,TRUE
"product.product_expense_70","ค่าใช้จ่ายในการอบรมและสัมมนา",,"Expenses",,,"TRUE","FALSE","TRUE","FALSE","Service","Make to Stock","Buy","Standard Price","EA","EA","Periodical (manual)",0,0,"Output VAT 7%","Input VAT",501290,501290,TRUE
"product.product_expense_71","ค่ากาแฟ/น้ำดื่มและค่าใช้จ่ายเบ็ดเตล็ดอื่นๆ - โรงงาน",,"Expenses",,,"TRUE","FALSE","TRUE","FALSE","Service","Make to Stock","Buy","Standard Price","EA","EA","Periodical (manual)",0,0,"Output VAT 7%","Input VAT",500599,500599,TRUE
"product.product_expense_72","ค่ากาแฟ/น้ำดื่มและค่าใช้จ่ายเบ็ดเตล็ดอื่นๆ - สำนักงาน",,"Expenses",,,"TRUE","FALSE","TRUE","FALSE","Service","Make to Stock","Buy","Standard Price","EA","EA","Periodical (manual)",0,0,"Output VAT 7%","Input VAT",502190,502190,TRUE
"product.product_expense_73","ค่าจ้างเหมา/ค่าแรงติดตั้ง",,"Expenses",,,"TRUE","FALSE","TRUE","FALSE","Service","Make to Stock","Buy","Standard Price","EA","EA","Periodical (manual)",0,0,"Output VAT 7%","Input VAT",500414,500414,TRUE
"product.product_expense_74","ค่าจ้างทำของ",,"Expenses",,,"TRUE","FALSE","TRUE","FALSE","Service","Make to Stock","Buy","Standard Price","EA","EA","Periodical (manual)",0,0,"Output VAT 7%","Input VAT",500415,500415,TRUE
"product.product_expense_75","ค่าจ้างรถขนส่งสินค้าให้ลูกค้า",,"Expenses",,,"TRUE","FALSE","TRUE","FALSE","Service","Make to Stock","Buy","Standard Price","EA","EA","Periodical (manual)",0,0,"Output VAT 7%","Input VAT",500591,500591,TRUE
"product.product_expense_76","ค่าขนส่งสินค้าจาก Supplier",,"Expenses",,,"TRUE","FALSE","TRUE","FALSE","Service","Make to Stock","Buy","Standard Price","EA","EA","Periodical (manual)",0,0,"Output VAT 7%","Input VAT",500221,500221,TRUE
"product.product_expense_77","ค่าพาเลทไม้",,"Expenses",,,"TRUE","FALSE","TRUE","FALSE","Service","Make to Stock","Buy","Standard Price","EA","EA","Periodical (manual)",0,0,"Output VAT 7%","Input VAT",500590,500590,TRUE
"product.product_expense_78","ค่าวัสดุสิ้นเปลือง - โรงงาน",,"Expenses",,,"TRUE","FALSE","TRUE","FALSE","Service","Make to Stock","Buy","Standard Price","EA","EA","Periodical (manual)",0,0,"Output VAT 7%","Input VAT",500590,500590,TRUE
"product.product_expense_79","ค่าใช้จ่ายในการผลิตอื่นๆ - โรงงาน",,"Expenses",,,"TRUE","FALSE","TRUE","FALSE","Service","Make to Stock","Buy","Standard Price","EA","EA","Periodical (manual)",0,0,"Output VAT 7%","Input VAT",500599,500599,TRUE
"product.product_expense_80","ค่าวัสดุสิ้นเปลือง - สำนักงาน",,"Expenses",,,"TRUE","FALSE","TRUE","FALSE","Service","Make to Stock","Buy","Standard Price","EA","EA","Periodical (manual)",0,0,"Output VAT 7%","Input VAT",501280,501280,TRUE
"product.product_expense_81","ค่าวัสดุ/ค่าใช้จ่ายที่ Install จ่ายหรือจัดซื้อหน้างาน",,"Expenses",,,"TRUE","FALSE","TRUE","FALSE","Service","Make to Stock","Buy","Standard Price","EA","EA","Periodical (manual)",0,0,"Output VAT 7%","Input VAT",500590,500590,TRUE
"product.product_expense_82","ค่าวัสดุสำหรับงานตัวอย่าง",,"Expenses",,,"TRUE","FALSE","TRUE","FALSE","Service","Make to Stock","Buy","Standard Price","EA","EA","Periodical (manual)",0,0,"Output VAT 7%","Input VAT",500594,500594,TRUE
"product.product_expense_83","ค่าซ่อมแซมและบำรุงรักษาเครื่องจักร",,"Expenses",,,"TRUE","FALSE","TRUE","FALSE","Service","Make to Stock","Buy","Standard Price","EA","EA","Periodical (manual)",0,0,"Output VAT 7%","Input VAT",500530,500530,TRUE
"product.product_expense_84","ค่าซ่อมแซมและบำรุงรักษาเครื่องมือเครื่องใช้ - โรงงาน",,"Expenses",,,"TRUE","FALSE","TRUE","FALSE","Service","Make to Stock","Buy","Standard Price","EA","EA","Periodical (manual)",0,0,"Output VAT 7%","Input VAT",500540,500540,TRUE
"product.product_expense_85","ค่าซ่อมแซมและบำรุงรักษาคอมพิวเตอร์ - โรงงาน",,"Expenses",,,"TRUE","FALSE","TRUE","FALSE","Service","Make to Stock","Buy","Standard Price","EA","EA","Periodical (manual)",0,0,"Output VAT 7%","Input VAT",500540,500540,TRUE
"product.product_expense_86","ค่าซ่อมแซมและบำรุงรักษาอาคาร",,"Expenses",,,"TRUE","FALSE","TRUE","FALSE","Service","Make to Stock","Buy","Standard Price","EA","EA","Periodical (manual)",0,0,"Output VAT 7%","Input VAT",501620,501620,TRUE
"product.product_expense_87","ค่าซ่อมแซมและบำรุงรักษาเครื่องใช้สำนักงาน - สำนักงาน",,"Expenses",,,"TRUE","FALSE","TRUE","FALSE","Service","Make to Stock","Buy","Standard Price","EA","EA","Periodical (manual)",0,0,"Output VAT 7%","Input VAT",501630,501630,TRUE
"product.product_expense_88","ค่าซ่อมแซมและบำรุงรักษาเครื่องตกแต่งและติดตั้ง",,"Expenses",,,"TRUE","FALSE","TRUE","FALSE","Service","Make to Stock","Buy","Standard Price","EA","EA","Periodical (manual)",0,0,"Output VAT 7%","Input VAT",501640,501640,TRUE
"product.product_expense_89","ค่าวัสดุสิ้นเปลือง/อุปกรณ์ต่อพ่วงคอมพิวเตอร์ - โรงงาน",,"Expenses",,,"TRUE","FALSE","TRUE","FALSE","Service","Make to Stock","Buy","Standard Price","EA","EA","Periodical (manual)",0,0,"Output VAT 7%","Input VAT",500590,500590,TRUE
"product.product_expense_90","ค่าเครื่องเขียนและแบบพิมพ์ - โรงงาน",,"Expenses",,,"TRUE","FALSE","TRUE","FALSE","Service","Make to Stock","Buy","Standard Price","EA","EA","Periodical (manual)",0,0,"Output VAT 7%","Input VAT",500596,500596,TRUE
"product.product_expense_91","ค่ากระดาษ - โรงงาน",,"Expenses",,,"TRUE","FALSE","TRUE","FALSE","Service","Make to Stock","Buy","Standard Price","EA","EA","Periodical (manual)",0,0,"Output VAT 7%","Input VAT",500596,500596,TRUE
"product.product_expense_92","ค่าหมึก Printer / Fax - โรงงาน",,"Expenses",,,"TRUE","FALSE","TRUE","FALSE","Service","Make to Stock","Buy","Standard Price","EA","EA","Periodical (manual)",0,0,"Output VAT 7%","Input VAT",500596,500596,TRUE
"product.product_expense_93","ค่าเครื่องเขียนและแบบพิมพ์ - สำนักงาน",,"Expenses",,,"TRUE","FALSE","TRUE","FALSE","Service","Make to Stock","Buy","Standard Price","EA","EA","Periodical (manual)",0,0,"Output VAT 7%","Input VAT",501270,501270,TRUE
"product.product_expense_94","ค่ากระดาษ - สำนักงาน",,"Expenses",,,"TRUE","FALSE","TRUE","FALSE","Service","Make to Stock","Buy","Standard Price","EA","EA","Periodical (manual)",0,0,"Output VAT 7%","Input VAT",501270,501270,TRUE
"product.product_expense_95","ค่าหมึก Printer / Fax - สำนักงาน",,"Expenses",,,"TRUE","FALSE","TRUE","FALSE","Service","Make to Stock","Buy","Standard Price","EA","EA","Periodical (manual)",0,0,"Output VAT 7%","Input VAT",501270,501270,TRUE
"product.product_expense_96","ค่าโฆษณา/คชจ.ในการออกบูธ/คชจ.อื่นๆในการส่งเสริมการขาย",,"Expenses",,,"TRUE","FALSE","TRUE","FALSE","Service","Make to Stock","Buy","Standard Price","EA","EA","Periodical (manual)",0,0,"Output VAT 7%","Input VAT",501320,501320,TRUE
"product.product_expense_97","ค่าบริการการขาย/ค่านายหน้าในการขาย",,"Expenses",,,"TRUE","FALSE","TRUE","FALSE","Service","Make to Stock","Buy","Standard Price","EA","EA","Periodical (manual)",0,0,"Output VAT 7%","Input VAT",501310,501310,TRUE
"product.product_expense_98","ค่าธรรมเนียมธนาคาร/คชจ.อื่นๆเกี่ยวกับธนาคาร",,"Expenses",,,"TRUE","FALSE","TRUE","FALSE","Service","Make to Stock","Buy","Standard Price","EA","EA","Periodical (manual)",0,0,"Output VAT 7%","Input VAT",502120,502120,TRUE
"product.product_expense_99","ค่าธรรมเนียมวิชาชีพ",,"Expenses",,,"TRUE","FALSE","TRUE","FALSE","Service","Make to Stock","Buy","Standard Price","EA","EA","Periodical (manual)",0,0,"Output VAT 7%","Input VAT",501510,501510,TRUE
"product.product_expense_100","ค่าที่ปรึกษา",,"Expenses",,,"TRUE","FALSE","TRUE","FALSE","Service","Make to Stock","Buy","Standard Price","EA","EA","Periodical (manual)",0,0,"Output VAT 7%","Input VAT",501511,501511,TRUE
"product.product_expense_101","ค่าทนายความ",,"Expenses",,,"TRUE","FALSE","TRUE","FALSE","Service","Make to Stock","Buy","Standard Price","EA","EA","Periodical (manual)",0,0,"Output VAT 7%","Input VAT",501512,501512,TRUE
"product.product_expense_102","ค่าสอบบัญชี",,"Expenses",,,"TRUE","FALSE","TRUE","FALSE","Service","Make to Stock","Buy","Standard Price","EA","EA","Periodical (manual)",0,0,"Output VAT 7%","Input VAT",502110,502110,TRUE
"product.product_expense_103","ค่าทำบัญชี",,"Expenses",,,"TRUE","FALSE","TRUE","FALSE","Service","Make to Stock","Buy","Standard Price","EA","EA","Periodical (manual)",0,0,"Output VAT 7%","Input VAT",502111,502111,TRUE
"product.product_expense_104","ค่าประกันอัคคีภัย",,"Expenses",,,"TRUE","FALSE","TRUE","FALSE","Service","Make to Stock","Buy","Standard Price","EA","EA","Periodical (manual)",0,0,"Output VAT 7%","Input VAT",501292,501292,TRUE
"product.product_expense_105","ค่าภาษี ภ.ง.ด. 1 - โรงงาน",,"Expenses",,,"TRUE","FALSE","TRUE","FALSE","Service","Make to Stock","Buy","Standard Price","EA","EA","Periodical (manual)",0,0,"Output VAT 7%","Input VAT",201470,201470,TRUE
"product.product_expense_106","ค่าภาษี ภ.ง.ด. 1 - สำนักงาน",,"Expenses",,,"TRUE","FALSE","TRUE","FALSE","Service","Make to Stock","Buy","Standard Price","EA","EA","Periodical (manual)",0,0,"Output VAT 7%","Input VAT",201470,201470,TRUE
"product.product_expense_107","ค่าภาษี ภ.ง.ด. 3 ",,"Expenses",,,"TRUE","FALSE","TRUE","FALSE","Service","Make to Stock","Buy","Standard Price","EA","EA","Periodical (manual)",0,0,"Output VAT 7%","Input VAT",201470,201470,TRUE
"product.product_expense_108","ค่าภาษี ภ.ง.ด. 53",,"Expenses",,,"TRUE","FALSE","TRUE","FALSE","Service","Make to Stock","Buy","Standard Price","EA","EA","Periodical (manual)",0,0,"Output VAT 7%","Input VAT",201470,201470,TRUE
"product.product_expense_109","ค่าเบี้ยปรับเงินเพิ่ม",,"Expenses",,,"TRUE","FALSE","TRUE","FALSE","Service","Make to Stock","Buy","Standard Price","EA","EA","Periodical (manual)",0,0,"Output VAT 7%","Input VAT",502150,502150,TRUE
"product.product_expense_110","ดอกเบี้ยจ่าย",,"Expenses",,,"TRUE","FALSE","TRUE","FALSE","Service","Make to Stock","Buy","Standard Price","EA","EA","Periodical (manual)",0,0,"Output VAT 7%","Input VAT",503110,503110,TRUE
"product.product_expense_111","ดอกเบี้ยเบิกเกินบัญชีธนาคาร",,"Expenses",,,"TRUE","FALSE","TRUE","FALSE","Service","Make to Stock","Buy","Standard Price","EA","EA","Periodical (manual)",0,0,"Output VAT 7%","Input VAT",503111,503111,TRUE
"product.product_expense_112","ดอกเบี้ยเงินกู้ธนาคาร",,"Expenses",,,"TRUE","FALSE","TRUE","FALSE","Service","Make to Stock","Buy","Standard Price","EA","EA","Periodical (manual)",0,0,"Output VAT 7%","Input VAT",503112,503112,TRUE
"product.product_expense_113","ค่าเงินบริจาค",,"Expenses",,,"TRUE","FALSE","TRUE","FALSE","Service","Make to Stock","Buy","Standard Price","EA","EA","Periodical (manual)",0,0,"Output VAT 7%","Input VAT",501840,501840,TRUE
"product.product_expense_114","ค่าอากรขาเข้า",,"Expenses",,,"TRUE","FALSE","TRUE","FALSE","Service","Make to Stock","Buy","Standard Price","EA","EA","Periodical (manual)",0,0,"Output VAT 7%","Input VAT",500225,500225,TRUE
"product.product_expense_115","ค่าใช้จ่ายในการนำเข้า",,"Expenses",,,"TRUE","FALSE","TRUE","FALSE","Service","Make to Stock","Buy","Standard Price","EA","EA","Periodical (manual)",0,0,"Output VAT 7%","Input VAT",500224,500224,TRUE
"product.product_expense_116","ค่าใช้จ่ายในการส่งออก",,"Expenses",,,"TRUE","FALSE","TRUE","FALSE","Service","Make to Stock","Buy","Standard Price","EA","EA","Periodical (manual)",0,0,"Output VAT 7%","Input VAT",501340,501340,TRUE
"product.product_expense_117","ค่า Freight Charge",,"Expenses",,,"TRUE","FALSE","TRUE","FALSE","Service","Make to Stock","Buy","Standard Price","EA","EA","Periodical (manual)",0,0,"Output VAT 7%","Input VAT",501342,501342,TRUE
"product.product_expense_118","ค่าประกันภัยสินค้าส่งออก",,"Expenses",,,"TRUE","FALSE","TRUE","FALSE","Service","Make to Stock","Buy","Standard Price","EA","EA","Periodical (manual)",0,0,"Output VAT 7%","Input VAT",501344,501344,TRUE
