"id","name","inventory_line_id/location_id/id","inventory_line_id/product_id/id","inventory_line_id/product_uom","inventory_line_id/product_qty"
"stock_part_12Nov13","นับสต๊อก Part 12Nov13","sqp_config_2.stock_location_factory_rm","product.product_part_1","pcs",10000
,,"sqp_config_2.stock_location_factory_rm","product.product_part_2","pcs",10000
,,"sqp_config_2.stock_location_factory_rm","product.product_part_3","pcs",10000
,,"sqp_config_2.stock_location_factory_rm","product.product_part_4","pcs",10000
,,"sqp_config_2.stock_location_factory_rm","product.product_part_5","pcs",10000
,,"sqp_config_2.stock_location_factory_rm","product.product_part_6","pcs",10000
,,"sqp_config_2.stock_location_factory_rm","product.product_part_7","pcs",10000
,,"sqp_config_2.stock_location_factory_rm","product.product_part_8","pcs",10000
,,"sqp_config_2.stock_location_factory_rm","product.product_part_9","pcs",10000
,,"sqp_config_2.stock_location_factory_rm","product.product_part_10","pcs",10000
,,"sqp_config_2.stock_location_factory_rm","product.product_part_11","pcs",10000
,,"sqp_config_2.stock_location_factory_rm","product.product_part_12","pcs",10000
,,"sqp_config_2.stock_location_factory_rm","product.product_part_13","pcs",10000
,,"sqp_config_2.stock_location_factory_rm","product.product_part_14","pcs",10000
,,"sqp_config_2.stock_location_factory_rm","product.product_part_15","pcs",10000
,,"sqp_config_2.stock_location_factory_rm","product.product_part_16","pcs",10000
,,"sqp_config_2.stock_location_factory_rm","product.product_part_17","pcs",10000
,,"sqp_config_2.stock_location_factory_rm","product.product_part_18","pcs",10000
,,"sqp_config_2.stock_location_factory_rm","product.product_part_19","pcs",10000
,,"sqp_config_2.stock_location_factory_rm","product.product_part_20","pcs",10000
,,"sqp_config_2.stock_location_factory_rm","product.product_part_21","pcs",10000
,,"sqp_config_2.stock_location_factory_rm","product.product_part_22","pcs",10000
,,"sqp_config_2.stock_location_factory_rm","product.product_part_23","pcs",10000
,,"sqp_config_2.stock_location_factory_rm","product.product_part_24","pcs",10000
,,"sqp_config_2.stock_location_factory_rm","product.product_part_25","pcs",10000
,,"sqp_config_2.stock_location_factory_rm","product.product_part_26","pcs",10000
,,"sqp_config_2.stock_location_factory_rm","product.product_part_27","pcs",10000
,,"sqp_config_2.stock_location_factory_rm","product.product_part_28","pcs",10000
,,"sqp_config_2.stock_location_factory_rm","product.product_part_29","pcs",10000
,,"sqp_config_2.stock_location_factory_rm","product.product_part_30","pcs",10000
,,"sqp_config_2.stock_location_factory_rm","product.product_part_31","pcs",10000
,,"sqp_config_2.stock_location_factory_rm","product.product_part_32","pcs",10000
,,"sqp_config_2.stock_location_factory_rm","product.product_part_33","pcs",10000
,,"sqp_config_2.stock_location_factory_rm","product.product_part_34","pcs",10000
,,"sqp_config_2.stock_location_factory_rm","product.product_part_35","pcs",10000
,,"sqp_config_2.stock_location_factory_rm","product.product_part_36","pcs",10000
,,"sqp_config_2.stock_location_factory_rm","product.product_part_37","pcs",10000
,,"sqp_config_2.stock_location_factory_rm","product.product_part_38","pcs",10000
,,"sqp_config_2.stock_location_factory_rm","product.product_part_39","pcs",10000
,,"sqp_config_2.stock_location_factory_rm","product.product_part_40","pcs",10000
,,"sqp_config_2.stock_location_factory_rm","product.product_part_41","pcs",10000
,,"sqp_config_2.stock_location_factory_rm","product.product_part_42","pcs",10000
,,"sqp_config_2.stock_location_factory_rm","product.product_part_43","pcs",10000
,,"sqp_config_2.stock_location_factory_rm","product.product_part_44","pcs",10000
,,"sqp_config_2.stock_location_factory_rm","product.product_part_45","pcs",10000
,,"sqp_config_2.stock_location_factory_rm","product.product_part_46","pcs",10000
,,"sqp_config_2.stock_location_factory_rm","product.product_part_47","pcs",10000
,,"sqp_config_2.stock_location_factory_rm","product.product_part_47-1","pcs",10000
,,"sqp_config_2.stock_location_factory_rm","product.product_part_48","pcs",10000
,,"sqp_config_2.stock_location_factory_rm","product.product_part_49","pcs",10000
,,"sqp_config_2.stock_location_factory_rm","product.product_part_50","pcs",10000
,,"sqp_config_2.stock_location_factory_rm","product.product_part_51","pcs",10000
,,"sqp_config_2.stock_location_factory_rm","product.product_part_52","pcs",10000
,,"sqp_config_2.stock_location_factory_rm","product.product_part_53","pcs",10000
,,"sqp_config_2.stock_location_factory_rm","product.product_part_54","pcs",10000
,,"sqp_config_2.stock_location_factory_rm","product.product_part_55","pcs",10000
,,"sqp_config_2.stock_location_factory_rm","product.product_part_56","pcs",10000
,,"sqp_config_2.stock_location_factory_rm","product.product_part_57","pcs",10000
,,"sqp_config_2.stock_location_factory_rm","product.product_part_58","pcs",10000
,,"sqp_config_2.stock_location_factory_rm","product.product_part_59","pcs",10000
,,"sqp_config_2.stock_location_factory_rm","product.product_part_60","pcs",10000
,,"sqp_config_2.stock_location_factory_rm","product.product_part_61","pcs",10000
,,"sqp_config_2.stock_location_factory_rm","product.product_part_62","pcs",10000
,,"sqp_config_2.stock_location_factory_rm","product.product_part_63","pcs",10000
,,"sqp_config_2.stock_location_factory_rm","product.product_part_64","pcs",10000
,,"sqp_config_2.stock_location_factory_rm","product.product_part_65","pcs",10000
,,"sqp_config_2.stock_location_factory_rm","product.product_part_66","pcs",10000
,,"sqp_config_2.stock_location_factory_rm","product.product_part_67","pcs",10000
,,"sqp_config_2.stock_location_factory_rm","product.product_part_68","pcs",10000
,,"sqp_config_2.stock_location_factory_rm","product.product_part_69","pcs",10000
,,"sqp_config_2.stock_location_factory_rm","product.product_part_70","pcs",10000
,,"sqp_config_2.stock_location_factory_rm","product.product_part_71","pcs",10000
,,"sqp_config_2.stock_location_factory_rm","product.product_part_72","pcs",10000
,,"sqp_config_2.stock_location_factory_rm","product.product_part_73","pcs",10000
,,"sqp_config_2.stock_location_factory_rm","product.product_part_74","pcs",10000
,,"sqp_config_2.stock_location_factory_rm","product.product_part_75","pcs",10000
,,"sqp_config_2.stock_location_factory_rm","product.product_part_76","pcs",10000
,,"sqp_config_2.stock_location_factory_rm","product.product_part_77","pcs",10000
,,"sqp_config_2.stock_location_factory_rm","product.product_part_78","pcs",10000
,,"sqp_config_2.stock_location_factory_rm","product.product_part_79","pcs",10000
,,"sqp_config_2.stock_location_factory_rm","product.product_part_80","pcs",10000
,,"sqp_config_2.stock_location_factory_rm","product.product_part_81","pcs",10000
,,"sqp_config_2.stock_location_factory_rm","product.product_part_82","pcs",10000
,,"sqp_config_2.stock_location_factory_rm","product.product_part_83","pcs",10000
,,"sqp_config_2.stock_location_factory_rm","product.product_part_84","pcs",10000
,,"sqp_config_2.stock_location_factory_rm","product.product_part_85","pcs",10000
,,"sqp_config_2.stock_location_factory_rm","product.product_part_86","pcs",10000
,,"sqp_config_2.stock_location_factory_rm","product.product_part_87","pcs",10000
,,"sqp_config_2.stock_location_factory_rm","product.product_part_88","pcs",10000
,,"sqp_config_2.stock_location_factory_rm","product.product_part_89","pcs",10000
,,"sqp_config_2.stock_location_factory_rm","product.product_part_90","pcs",10000
,,"sqp_config_2.stock_location_factory_rm","product.product_part_91","pcs",10000
,,"sqp_config_2.stock_location_factory_rm","product.product_part_92","pcs",10000
,,"sqp_config_2.stock_location_factory_rm","product.product_part_93","pcs",10000
,,"sqp_config_2.stock_location_factory_rm","product.product_part_94","pcs",10000
,,"sqp_config_2.stock_location_factory_rm","product.product_part_95","pcs",10000
,,"sqp_config_2.stock_location_factory_rm","product.product_part_96","pcs",10000
,,"sqp_config_2.stock_location_factory_rm","product.product_part_97","pcs",10000
,,"sqp_config_2.stock_location_factory_rm","product.product_part_98","pcs",10000
,,"sqp_config_2.stock_location_factory_rm","product.product_part_99","pcs",10000
,,"sqp_config_2.stock_location_factory_rm","product.product_part_100","pcs",10000
,,"sqp_config_2.stock_location_factory_rm","product.product_part_101","pcs",10000
,,"sqp_config_2.stock_location_factory_rm","product.product_part_102","pcs",10000
,,"sqp_config_2.stock_location_factory_rm","product.product_part_103","pcs",10000
,,"sqp_config_2.stock_location_factory_rm","product.product_part_104","pcs",10000
,,"sqp_config_2.stock_location_factory_rm","product.product_part_105","pcs",10000
,,"sqp_config_2.stock_location_factory_rm","product.product_part_106","pcs",10000
,,"sqp_config_2.stock_location_factory_rm","product.product_part_107","pcs",10000
,,"sqp_config_2.stock_location_factory_rm","product.product_part_108","pcs",10000
,,"sqp_config_2.stock_location_factory_rm","product.product_part_109","pcs",10000
,,"sqp_config_2.stock_location_factory_rm","product.product_part_110","pcs",10000
,,"sqp_config_2.stock_location_factory_rm","product.product_part_111","pcs",10000
,,"sqp_config_2.stock_location_factory_rm","product.product_part_112","pcs",10000
,,"sqp_config_2.stock_location_factory_rm","product.product_part_113","pcs",10000
,,"sqp_config_2.stock_location_factory_rm","product.product_part_114","pcs",10000
,,"sqp_config_2.stock_location_factory_rm","product.product_part_115","pcs",10000
,,"sqp_config_2.stock_location_factory_rm","product.product_part_116","pcs",10000
,,"sqp_config_2.stock_location_factory_rm","product.product_part_117","pcs",10000
,,"sqp_config_2.stock_location_factory_rm","product.product_part_118","pcs",10000
,,"sqp_config_2.stock_location_factory_rm","product.product_part_119","pcs",10000
,,"sqp_config_2.stock_location_factory_rm","product.product_part_120","pcs",10000
,,"sqp_config_2.stock_location_factory_rm","product.product_part_121","pcs",10000
,,"sqp_config_2.stock_location_factory_rm","product.product_part_122","pcs",10000
,,"sqp_config_2.stock_location_factory_rm","product.product_part_123","pcs",10000
,,"sqp_config_2.stock_location_factory_rm","product.product_part_124","pcs",10000
,,"sqp_config_2.stock_location_factory_rm","product.product_part_125","pcs",10000
,,"sqp_config_2.stock_location_factory_rm","product.product_part_126","pcs",10000
,,"sqp_config_2.stock_location_factory_rm","product.product_part_127","pcs",10000
,,"sqp_config_2.stock_location_factory_rm","product.product_part_128","pcs",10000
,,"sqp_config_2.stock_location_factory_rm","product.product_part_129","pcs",10000
,,"sqp_config_2.stock_location_factory_rm","product.product_part_130","pcs",10000
,,"sqp_config_2.stock_location_factory_rm","product.product_part_131","pcs",10000
,,"sqp_config_2.stock_location_factory_rm","product.product_part_132","pcs",10000
,,"sqp_config_2.stock_location_factory_rm","product.product_part_133","pcs",10000
,,"sqp_config_2.stock_location_factory_rm","product.product_part_134","pcs",10000
,,"sqp_config_2.stock_location_factory_rm","product.product_part_135","pcs",10000
,,"sqp_config_2.stock_location_factory_rm","product.product_part_136","pcs",10000
,,"sqp_config_2.stock_location_factory_rm","product.product_part_137","pcs",10000
,,"sqp_config_2.stock_location_factory_rm","product.product_part_138","pcs",10000
,,"sqp_config_2.stock_location_factory_rm","product.product_part_139","pcs",10000
,,"sqp_config_2.stock_location_factory_rm","product.product_part_140","pcs",10000
,,"sqp_config_2.stock_location_factory_rm","product.product_part_141","pcs",10000
,,"sqp_config_2.stock_location_factory_rm","product.product_part_142","pcs",10000
,,"sqp_config_2.stock_location_factory_rm","product.product_part_143","pcs",10000
,,"sqp_config_2.stock_location_factory_rm","product.product_part_144","pcs",10000
,,"sqp_config_2.stock_location_factory_rm","product.product_part_145","pcs",10000
,,"sqp_config_2.stock_location_factory_rm","product.product_part_146","pcs",10000
,,"sqp_config_2.stock_location_factory_rm","product.product_part_147","pcs",10000
,,"sqp_config_2.stock_location_factory_rm","product.product_part_148","pcs",10000
,,"sqp_config_2.stock_location_factory_rm","product.product_part_149","pcs",10000
,,"sqp_config_2.stock_location_factory_rm","product.product_part_150","pcs",10000
,,"sqp_config_2.stock_location_factory_rm","product.product_part_151","pcs",10000
,,"sqp_config_2.stock_location_factory_rm","product.product_part_152","pcs",10000
,,"sqp_config_2.stock_location_factory_rm","product.product_part_153","pcs",10000
,,"sqp_config_2.stock_location_factory_rm","product.product_part_154","pcs",10000
,,"sqp_config_2.stock_location_factory_rm","product.product_part_155","pcs",10000
,,"sqp_config_2.stock_location_factory_rm","product.product_part_156","pcs",10000
,,"sqp_config_2.stock_location_factory_rm","product.product_part_157","pcs",10000
,,"sqp_config_2.stock_location_factory_rm","product.product_part_158","pcs",10000
,,"sqp_config_2.stock_location_factory_rm","product.product_part_159","pcs",10000
,,"sqp_config_2.stock_location_factory_rm","product.product_part_160","pcs",10000
,,"sqp_config_2.stock_location_factory_rm","product.product_part_161","pcs",10000
,,"sqp_config_2.stock_location_factory_rm","product.product_part_162","pcs",10000
,,"sqp_config_2.stock_location_factory_rm","product.product_part_163","pcs",10000
,,"sqp_config_2.stock_location_factory_rm","product.product_part_164","pcs",10000
,,"sqp_config_2.stock_location_factory_rm","product.product_part_165","pcs",10000
,,"sqp_config_2.stock_location_factory_rm","product.product_part_166","pcs",10000
,,"sqp_config_2.stock_location_factory_rm","product.product_part_167","pcs",10000
,,"sqp_config_2.stock_location_factory_rm","product.product_part_168","pcs",10000
,,"sqp_config_2.stock_location_factory_rm","product.product_part_169","pcs",10000
,,"sqp_config_2.stock_location_factory_rm","product.product_part_170","pcs",10000
,,"sqp_config_2.stock_location_factory_rm","product.product_part_171","pcs",10000
,,"sqp_config_2.stock_location_factory_rm","product.product_part_172","pcs",10000
,,"sqp_config_2.stock_location_factory_rm","product.product_part_173","pcs",10000
,,"sqp_config_2.stock_location_factory_rm","product.product_part_174","pcs",10000
,,"sqp_config_2.stock_location_factory_rm","product.product_part_175","pcs",10000
,,"sqp_config_2.stock_location_factory_rm","product.product_part_176","pcs",10000
,,"sqp_config_2.stock_location_factory_rm","product.product_part_177","pcs",10000
,,"sqp_config_2.stock_location_factory_rm","product.product_part_178","pcs",10000
,,"sqp_config_2.stock_location_factory_rm","product.product_part_179","pcs",10000
,,"sqp_config_2.stock_location_factory_rm","product.product_part_180","pcs",10000
,,"sqp_config_2.stock_location_factory_rm","product.product_part_181","pcs",10000
,,"sqp_config_2.stock_location_factory_rm","product.product_part_182","pcs",10000
,,"sqp_config_2.stock_location_factory_rm","product.product_part_183","pcs",10000
,,"sqp_config_2.stock_location_factory_rm","product.product_part_184","pcs",10000
,,"sqp_config_2.stock_location_factory_rm","product.product_part_185","pcs",10000
,,"sqp_config_2.stock_location_factory_rm","product.product_part_186","pcs",10000
,,"sqp_config_2.stock_location_factory_rm","product.product_part_187","pcs",10000
,,"sqp_config_2.stock_location_factory_rm","product.product_part_188","pcs",10000
,,"sqp_config_2.stock_location_factory_rm","product.product_part_189","pcs",10000
,,"sqp_config_2.stock_location_factory_rm","product.product_part_190","pcs",10000
,,"sqp_config_2.stock_location_factory_rm","product.product_part_191","pcs",10000
,,"sqp_config_2.stock_location_factory_rm","product.product_part_192","pcs",10000
,,"sqp_config_2.stock_location_factory_rm","product.product_part_193","pcs",10000
,,"sqp_config_2.stock_location_factory_rm","product.product_part_194","pcs",10000
,,"sqp_config_2.stock_location_factory_rm","product.product_part_195","pcs",10000
,,"sqp_config_2.stock_location_factory_rm","product.product_part_196","pcs",10000
,,"sqp_config_2.stock_location_factory_rm","product.product_part_197","pcs",10000
,,"sqp_config_2.stock_location_factory_rm","product.product_part_198","pcs",10000
,,"sqp_config_2.stock_location_factory_rm","product.product_part_199","pcs",10000
,,"sqp_config_2.stock_location_factory_rm","product.product_part_200","pcs",10000
,,"sqp_config_2.stock_location_factory_rm","product.product_part_201","pcs",10000
,,"sqp_config_2.stock_location_factory_rm","product.product_part_202","pcs",10000
,,"sqp_config_2.stock_location_factory_rm","product.product_part_203","pcs",10000
,,"sqp_config_2.stock_location_factory_rm","product.product_part_204","pcs",10000
,,"sqp_config_2.stock_location_factory_rm","product.product_part_205","pcs",10000
,,"sqp_config_2.stock_location_factory_rm","product.product_part_206","pcs",10000
,,"sqp_config_2.stock_location_factory_rm","product.product_part_207","pcs",10000
,,"sqp_config_2.stock_location_factory_rm","product.product_part_208","pcs",10000
,,"sqp_config_2.stock_location_factory_rm","product.product_part_209","pcs",10000
,,"sqp_config_2.stock_location_factory_rm","product.product_part_210","pcs",10000
,,"sqp_config_2.stock_location_factory_rm","product.product_part_211","pcs",10000
,,"sqp_config_2.stock_location_factory_rm","product.product_part_212","pcs",10000
,,"sqp_config_2.stock_location_factory_rm","product.product_part_213","pcs",10000
,,"sqp_config_2.stock_location_factory_rm","product.product_part_214","pcs",10000
,,"sqp_config_2.stock_location_factory_rm","product.product_part_215","pcs",10000
,,"sqp_config_2.stock_location_factory_rm","product.product_part_216","pcs",10000
,,"sqp_config_2.stock_location_factory_rm","product.product_part_217","pcs",10000
,,"sqp_config_2.stock_location_factory_rm","product.product_part_218","pcs",10000
,,"sqp_config_2.stock_location_factory_rm","product.product_part_219","pcs",10000
,,"sqp_config_2.stock_location_factory_rm","product.product_part_220","pcs",10000
,,"sqp_config_2.stock_location_factory_rm","product.product_part_221","pcs",10000
,,"sqp_config_2.stock_location_factory_rm","product.product_part_222","pcs",10000
,,"sqp_config_2.stock_location_factory_rm","product.product_part_223","pcs",10000
,,"sqp_config_2.stock_location_factory_rm","product.product_part_224","pcs",10000
,,"sqp_config_2.stock_location_factory_rm","product.product_part_225","pcs",10000
,,"sqp_config_2.stock_location_factory_rm","product.product_part_226","pcs",10000
,,"sqp_config_2.stock_location_factory_rm","product.product_part_227","pcs",10000
,,"sqp_config_2.stock_location_factory_rm","product.product_part_228","pcs",10000
,,"sqp_config_2.stock_location_factory_rm","product.product_part_229","pcs",10000
,,"sqp_config_2.stock_location_factory_rm","product.product_part_230","pcs",10000
,,"sqp_config_2.stock_location_factory_rm","product.product_part_231","pcs",10000
,,"sqp_config_2.stock_location_factory_rm","product.product_part_232","pcs",10000
,,"sqp_config_2.stock_location_factory_rm","product.product_part_233","pcs",10000
,,"sqp_config_2.stock_location_factory_rm","product.product_part_234","pcs",10000
,,"sqp_config_2.stock_location_factory_rm","product.product_part_235","pcs",10000
,,"sqp_config_2.stock_location_factory_rm","product.product_part_236","pcs",10000
,,"sqp_config_2.stock_location_factory_rm","product.product_part_237","pcs",10000
,,"sqp_config_2.stock_location_factory_rm","product.product_part_238","pcs",10000
,,"sqp_config_2.stock_location_factory_rm","product.product_part_239","pcs",10000
,,"sqp_config_2.stock_location_factory_rm","product.product_part_240","pcs",10000
,,"sqp_config_2.stock_location_factory_rm","product.product_part_241","pcs",10000
,,"sqp_config_2.stock_location_factory_rm","product.product_part_242","pcs",10000
,,"sqp_config_2.stock_location_factory_rm","product.product_part_243","pcs",10000
,,"sqp_config_2.stock_location_factory_rm","product.product_part_244","pcs",10000
,,"sqp_config_2.stock_location_factory_rm","product.product_part_245","pcs",10000
,,"sqp_config_2.stock_location_factory_rm","product.product_part_246","pcs",10000
,,"sqp_config_2.stock_location_factory_rm","product.product_part_247","pcs",10000
,,"sqp_config_2.stock_location_factory_rm","product.product_part_248","pcs",10000
,,"sqp_config_2.stock_location_factory_rm","product.product_part_249","pcs",10000
,,"sqp_config_2.stock_location_factory_rm","product.product_part_250","pcs",10000
,,"sqp_config_2.stock_location_factory_rm","product.product_part_251","pcs",10000
,,"sqp_config_2.stock_location_factory_rm","product.product_part_252","pcs",10000
,,"sqp_config_2.stock_location_factory_rm","product.product_part_253","pcs",10000
,,"sqp_config_2.stock_location_factory_rm","product.product_part_254","pcs",10000
,,"sqp_config_2.stock_location_factory_rm","product.product_part_255","pcs",10000
,,"sqp_config_2.stock_location_factory_rm","product.product_part_256","pcs",10000
,,"sqp_config_2.stock_location_factory_rm","product.product_part_257","pcs",10000
,,"sqp_config_2.stock_location_factory_rm","product.product_part_258","pcs",10000
,,"sqp_config_2.stock_location_factory_rm","product.product_part_259","pcs",10000
,,"sqp_config_2.stock_location_factory_rm","product.product_part_260","pcs",10000
,,"sqp_config_2.stock_location_factory_rm","product.product_part_261","pcs",10000
,,"sqp_config_2.stock_location_factory_rm","product.product_part_262","pcs",10000
,,"sqp_config_2.stock_location_factory_rm","product.product_part_263","pcs",10000
,,"sqp_config_2.stock_location_factory_rm","product.product_part_264","pcs",10000
,,"sqp_config_2.stock_location_factory_rm","product.product_part_265","pcs",10000
,,"sqp_config_2.stock_location_factory_rm","product.product_part_266","pcs",10000
,,"sqp_config_2.stock_location_factory_rm","product.product_part_267","pcs",10000
,,"sqp_config_2.stock_location_factory_rm","product.product_part_268","pcs",10000
,,"sqp_config_2.stock_location_factory_rm","product.product_part_269","pcs",10000
,,"sqp_config_2.stock_location_factory_rm","product.product_part_270","pcs",10000
,,"sqp_config_2.stock_location_factory_rm","product.product_part_271","pcs",10000
,,"sqp_config_2.stock_location_factory_rm","product.product_part_272","pcs",10000
,,"sqp_config_2.stock_location_factory_rm","product.product_part_273","pcs",10000
,,"sqp_config_2.stock_location_factory_rm","product.product_part_274","pcs",10000
,,"sqp_config_2.stock_location_factory_rm","product.product_part_275","pcs",10000
,,"sqp_config_2.stock_location_factory_rm","product.product_part_276","pcs",10000
,,"sqp_config_2.stock_location_factory_rm","product.product_part_277","pcs",10000
,,"sqp_config_2.stock_location_factory_rm","product.product_part_278","pcs",10000
,,"sqp_config_2.stock_location_factory_rm","product.product_part_279","pcs",10000
,,"sqp_config_2.stock_location_factory_rm","product.product_part_280","pcs",10000
,,"sqp_config_2.stock_location_factory_rm","product.product_part_281","pcs",10000
,,"sqp_config_2.stock_location_factory_rm","product.product_part_282","pcs",10000
,,"sqp_config_2.stock_location_factory_rm","product.product_part_283","pcs",10000
,,"sqp_config_2.stock_location_factory_rm","product.product_part_284","pcs",10000
,,"sqp_config_2.stock_location_factory_rm","product.product_part_285","set",10000
,,"sqp_config_2.stock_location_factory_rm","product.product_part_286","pcs",10000
,,"sqp_config_2.stock_location_factory_rm","product.product_part_287","pcs",10000
,,"sqp_config_2.stock_location_factory_rm","product.product_part_288","pcs",10000
,,"sqp_config_2.stock_location_factory_rm","product.product_part_289","pcs",10000
,,"sqp_config_2.stock_location_factory_rm","product.product_part_290","pcs",10000
,,"sqp_config_2.stock_location_factory_rm","product.product_part_291","pcs",10000
,,"sqp_config_2.stock_location_factory_rm","product.product_part_292","pcs",10000
,,"sqp_config_2.stock_location_factory_rm","product.product_part_293","pcs",10000
,,"sqp_config_2.stock_location_factory_rm","product.product_part_294","pcs",10000
,,"sqp_config_2.stock_location_factory_rm","product.product_part_295","pcs",10000
,,"sqp_config_2.stock_location_factory_rm","product.product_part_296","m",10000
,,"sqp_config_2.stock_location_factory_rm","product.product_part_297","tube",10000
,,"sqp_config_2.stock_location_factory_rm","product.product_part_298","m",10000
,,"sqp_config_2.stock_location_factory_rm","product.product_part_299","m",10000
,,"sqp_config_2.stock_location_factory_rm","product.product_part_300","kg",10000
,,"sqp_config_2.stock_location_factory_rm","product.product_part_301","roll",10000
,,"sqp_config_2.stock_location_factory_rm","product.product_part_302","m",10000
,,"sqp_config_2.stock_location_factory_rm","product.product_part_303","pcs",10000
,,"sqp_config_2.stock_location_factory_rm","product.product_part_304","set",10000
,,"sqp_config_2.stock_location_factory_rm","product.product_part_305","set",10000
,,"sqp_config_2.stock_location_factory_rm","product.product_part_306","set",10000
,,"sqp_config_2.stock_location_factory_rm","product.product_part_307","pcs",10000
,,"sqp_config_2.stock_location_factory_rm","product.product_part_308","pcs",10000
,,"sqp_config_2.stock_location_factory_rm","product.product_part_309","set",10000
,,"sqp_config_2.stock_location_factory_rm","product.product_part_310","set",10000
,,"sqp_config_2.stock_location_factory_rm","product.product_part_311","set",10000
,,"sqp_config_2.stock_location_factory_rm","product.product_part_312","set",10000
,,"sqp_config_2.stock_location_factory_rm","product.product_part_313","pcs",10000
,,"sqp_config_2.stock_location_factory_rm","product.product_part_314","pcs",10000
,,"sqp_config_2.stock_location_factory_rm","product.product_part_315","pcs",10000
,,"sqp_config_2.stock_location_factory_rm","product.product_part_316","pcs",10000
,,"sqp_config_2.stock_location_factory_rm","product.product_part_317","pcs",10000
,,"sqp_config_2.stock_location_factory_rm","product.product_part_318","pcs",10000
,,"sqp_config_2.stock_location_factory_rm","product.product_part_319","pcs",10000
,,"sqp_config_2.stock_location_factory_rm","product.product_part_320","pcs",10000
,,"sqp_config_2.stock_location_factory_rm","product.product_part_321","set",10000
,,"sqp_config_2.stock_location_factory_rm","product.product_part_322","pcs",10000
,,"sqp_config_2.stock_location_factory_rm","product.product_part_323","pcs",10000
,,"sqp_config_2.stock_location_factory_rm","product.product_part_324","pcs",10000
,,"sqp_config_2.stock_location_factory_rm","product.product_part_325","pcs",10000
,,"sqp_config_2.stock_location_factory_rm","product.product_part_326","pcs",10000
,,"sqp_config_2.stock_location_factory_rm","product.product_part_327","m",10000
,,"sqp_config_2.stock_location_factory_rm","product.product_part_328","pcs",10000
,,"sqp_config_2.stock_location_factory_rm","product.product_part_329","pcs",10000
,,"sqp_config_2.stock_location_factory_rm","product.product_part_330","pcs",10000
,,"sqp_config_2.stock_location_factory_rm","product.product_part_331","tube",10000
,,"sqp_config_2.stock_location_factory_rm","product.product_part_332","pcs",10000
,,"sqp_config_2.stock_location_factory_rm","product.product_part_333","pcs",10000
,,"sqp_config_2.stock_location_factory_rm","product.product_part_334","pcs",10000
,,"sqp_config_2.stock_location_factory_rm","product.product_part_335","pcs",10000
,,"sqp_config_2.stock_location_factory_rm","product.product_part_336","pcs",10000
,,"sqp_config_2.stock_location_factory_rm","product.product_part_337","pcs",10000
,,"sqp_config_2.stock_location_factory_rm","product.product_part_338","pcs",10000
,,"sqp_config_2.stock_location_factory_rm","product.product_part_339","m",10000
,,"sqp_config_2.stock_location_factory_rm","product.product_part_340","pcs",10000
,,"sqp_config_2.stock_location_factory_rm","product.product_part_341","pcs",10000
,,"sqp_config_2.stock_location_factory_rm","product.product_part_342","pcs",10000
,,"sqp_config_2.stock_location_factory_rm","product.product_part_343","pcs",10000
,,"sqp_config_2.stock_location_factory_rm","product.product_part_344","pcs",10000
,,"sqp_config_2.stock_location_factory_rm","product.product_part_345","pcs",10000
,,"sqp_config_2.stock_location_factory_rm","product.product_part_346","pcs",10000
,,"sqp_config_2.stock_location_factory_rm","product.product_part_347","set",10000
,,"sqp_config_2.stock_location_factory_rm","product.product_part_348","pcs",10000
,,"sqp_config_2.stock_location_factory_rm","product.product_part_349","pcs",10000
,,"sqp_config_2.stock_location_factory_rm","product.product_part_350","pcs",10000
,,"sqp_config_2.stock_location_factory_rm","product.product_part_351","pcs",10000
,,"sqp_config_2.stock_location_factory_rm","product.product_part_352","pcs",10000
,,"sqp_config_2.stock_location_factory_rm","product.product_part_353","pcs",10000
,,"sqp_config_2.stock_location_factory_rm","product.product_part_354","pcs",10000
,,"sqp_config_2.stock_location_factory_rm","product.product_part_355","pcs",10000
,,"sqp_config_2.stock_location_factory_rm","product.product_part_356","pcs",10000
,,"sqp_config_2.stock_location_factory_rm","product.product_part_357","pcs",10000
,,"sqp_config_2.stock_location_factory_rm","product.product_part_358","pcs",10000
,,"sqp_config_2.stock_location_factory_rm","product.product_part_359","pcs",10000
,,"sqp_config_2.stock_location_factory_rm","product.product_part_360","pcs",10000
,,"sqp_config_2.stock_location_factory_rm","product.product_part_361","pcs",10000
,,"sqp_config_2.stock_location_factory_rm","product.product_part_362","set",10000
,,"sqp_config_2.stock_location_factory_rm","product.product_part_363","pcs",10000
,,"sqp_config_2.stock_location_factory_rm","product.product_part_364","m",10000
,,"sqp_config_2.stock_location_factory_rm","product.product_part_365","pcs",10000
,,"sqp_config_2.stock_location_factory_rm","product.product_part_366","pcs",10000
,,"sqp_config_2.stock_location_factory_rm","product.product_part_367","pcs",10000
,,"sqp_config_2.stock_location_factory_rm","product.product_part_368","pcs",10000
,,"sqp_config_2.stock_location_factory_rm","product.product_part_369","pcs",10000
,,"sqp_config_2.stock_location_factory_rm","product.product_part_370","pcs",10000
,,"sqp_config_2.stock_location_factory_rm","product.product_part_371","pcs",10000
,,"sqp_config_2.stock_location_factory_rm","product.product_part_372","roll",10000
,,"sqp_config_2.stock_location_factory_rm","product.product_part_373","pcs",10000
,,"sqp_config_2.stock_location_factory_rm","product.product_part_374","pcs",10000
,,"sqp_config_2.stock_location_factory_rm","product.product_part_375","pcs",10000
,,"sqp_config_2.stock_location_factory_rm","product.product_part_376","pcs",10000
,,"sqp_config_2.stock_location_factory_rm","product.product_part_377","pcs",10000
,,"sqp_config_2.stock_location_factory_rm","product.product_part_378","pcs",10000
,,"sqp_config_2.stock_location_factory_rm","product.product_part_379","pcs",10000
,,"sqp_config_2.stock_location_factory_rm","product.product_part_380","pcs",10000
,,"sqp_config_2.stock_location_factory_rm","product.product_part_381","set",10000
,,"sqp_config_2.stock_location_factory_rm","product.product_part_382","pcs",10000
,,"sqp_config_2.stock_location_factory_rm","product.product_part_383","roll",10000
,,"sqp_config_2.stock_location_factory_rm","product.product_part_384","pcs",10000
,,"sqp_config_2.stock_location_factory_rm","product.product_part_385","pcs",10000
,,"sqp_config_2.stock_location_factory_rm","product.product_part_386","pcs",10000
,,"sqp_config_2.stock_location_factory_rm","product.product_part_387","pcs",10000
,,"sqp_config_2.stock_location_factory_rm","product.product_part_388","pcs",10000
,,"sqp_config_2.stock_location_factory_rm","product.product_part_389","tube",10000
,,"sqp_config_2.stock_location_factory_rm","product.product_part_390","pcs",10000
,,"sqp_config_2.stock_location_factory_rm","product.product_part_391","pcs",10000
,,"sqp_config_2.stock_location_factory_rm","product.product_part_392","pcs",10000
,,"sqp_config_2.stock_location_factory_rm","product.product_part_393","pcs",10000
,,"sqp_config_2.stock_location_factory_rm","product.product_part_394","pcs",10000
,,"sqp_config_2.stock_location_factory_rm","product.product_part_395","pcs",10000
,,"sqp_config_2.stock_location_factory_rm","product.product_part_396","set",10000
,,"sqp_config_2.stock_location_factory_rm","product.product_part_397","pcs",10000
,,"sqp_config_2.stock_location_factory_rm","product.product_part_398","m",10000
,,"sqp_config_2.stock_location_factory_rm","product.product_part_399","set",10000
,,"sqp_config_2.stock_location_factory_rm","product.product_part_400","pcs",10000
,,"sqp_config_2.stock_location_factory_rm","product.product_part_401","pcs",10000
,,"sqp_config_2.stock_location_factory_rm","product.product_part_402","pcs",10000
,,"sqp_config_2.stock_location_factory_rm","product.product_part_403","pcs",10000
,,"sqp_config_2.stock_location_factory_rm","product.product_part_404","pcs",10000
,,"sqp_config_2.stock_location_factory_rm","product.product_part_405","set",10000
,,"sqp_config_2.stock_location_factory_rm","product.product_part_406","set",10000
,,"sqp_config_2.stock_location_factory_rm","product.product_part_407","pcs",10000
,,"sqp_config_2.stock_location_factory_rm","product.product_part_408","pcs",10000
,,"sqp_config_2.stock_location_factory_rm","product.product_part_409","pcs",10000
,,"sqp_config_2.stock_location_factory_rm","product.product_part_410","pcs",10000
,,"sqp_config_2.stock_location_factory_rm","product.product_part_411","pcs",10000
,,"sqp_config_2.stock_location_factory_rm","product.product_part_412","pcs",10000
,,"sqp_config_2.stock_location_factory_rm","product.product_part_413","pcs",10000
,,"sqp_config_2.stock_location_factory_rm","product.product_part_414","pcs",10000
,,"sqp_config_2.stock_location_factory_rm","product.product_part_415","pcs",10000
,,"sqp_config_2.stock_location_factory_rm","product.product_part_416","pcs",10000
,,"sqp_config_2.stock_location_factory_rm","product.product_part_417","pcs",10000
,,"sqp_config_2.stock_location_factory_rm","product.product_part_418","pcs",10000
,,"sqp_config_2.stock_location_factory_rm","product.product_part_419","pcs",10000
,,"sqp_config_2.stock_location_factory_rm","product.product_part_420","set",10000
,,"sqp_config_2.stock_location_factory_rm","product.product_part_421","set",10000
,,"sqp_config_2.stock_location_factory_rm","product.product_part_422","pcs",10000
,,"sqp_config_2.stock_location_factory_rm","product.product_part_423","m",10000
,,"sqp_config_2.stock_location_factory_rm","product.product_part_424","m",10000
,,"sqp_config_2.stock_location_factory_rm","product.product_part_425","pcs",10000
,,"sqp_config_2.stock_location_factory_rm","product.product_part_426","pcs",10000
,,"sqp_config_2.stock_location_factory_rm","product.product_part_427","m",10000
,,"sqp_config_2.stock_location_factory_rm","product.product_part_428","pcs",10000
,,"sqp_config_2.stock_location_factory_rm","product.product_part_429","m",10000
,,"sqp_config_2.stock_location_factory_rm","product.product_part_430","set",10000
,,"sqp_config_2.stock_location_factory_rm","product.product_part_431","set",10000
,,"sqp_config_2.stock_location_factory_rm","product.product_part_432","set",10000
,,"sqp_config_2.stock_location_factory_rm","product.product_part_433","pcs",10000
,,"sqp_config_2.stock_location_factory_rm","product.product_part_434","pcs",10000
,,"sqp_config_2.stock_location_factory_rm","product.product_part_435","pcs",10000
,,"sqp_config_2.stock_location_factory_rm","product.product_part_436","pcs",10000
,,"sqp_config_2.stock_location_factory_rm","product.product_part_437","pcs",10000
,,"sqp_config_2.stock_location_factory_rm","product.product_part_438","pcs",10000
,,"sqp_config_2.stock_location_factory_rm","product.product_part_439","pcs",10000
,,"sqp_config_2.stock_location_factory_rm","product.product_part_440","pcs",10000
,,"sqp_config_2.stock_location_factory_rm","product.product_part_441","pcs",10000
,,"sqp_config_2.stock_location_factory_rm","product.product_part_442","pcs",10000
,,"sqp_config_2.stock_location_factory_rm","product.product_part_443","roll",10000
,,"sqp_config_2.stock_location_factory_rm","product.product_part_444","set",10000
,,"sqp_config_2.stock_location_factory_rm","product.product_part_445","pcs",10000
,,"sqp_config_2.stock_location_factory_rm","product.product_part_446","pcs",10000
,,"sqp_config_2.stock_location_factory_rm","product.product_part_447","pcs",10000
,,"sqp_config_2.stock_location_factory_rm","product.product_part_448","gal",10000
,,"sqp_config_2.stock_location_factory_rm","product.product_part_449","set",10000
,,"sqp_config_2.stock_location_factory_rm","product.product_part_450","set",10000
,,"sqp_config_2.stock_location_factory_rm","product.product_part_451","pcs",10000
,,"sqp_config_2.stock_location_factory_rm","product.product_part_452","pcs",10000
,,"sqp_config_2.stock_location_factory_rm","product.product_part_453","pcs",10000
,,"sqp_config_2.stock_location_factory_rm","product.product_part_454","pcs",10000
,,"sqp_config_2.stock_location_factory_rm","product.product_part_455","pcs",10000
,,"sqp_config_2.stock_location_factory_rm","product.product_part_456","pcs",10000
,,"sqp_config_2.stock_location_factory_rm","product.product_part_457","pcs",10000
,,"sqp_config_2.stock_location_factory_rm","product.product_part_458","pcs",10000
,,"sqp_config_2.stock_location_factory_rm","product.product_part_459","pcs",10000
,,"sqp_config_2.stock_location_factory_rm","product.product_part_460","pcs",10000
,,"sqp_config_2.stock_location_factory_rm","product.product_part_461","pcs",10000
,,"sqp_config_2.stock_location_factory_rm","product.product_part_461-1","pcs",10000
,,"sqp_config_2.stock_location_factory_rm","product.product_part_462","roll",10000
,,"sqp_config_2.stock_location_factory_rm","product.product_part_463","roll",10000
,,"sqp_config_2.stock_location_factory_rm","product.product_part_464","roll",10000
,,"sqp_config_2.stock_location_factory_rm","product.product_part_465","set",10000
,,"sqp_config_2.stock_location_factory_rm","product.product_part_466","pcs",10000
,,"sqp_config_2.stock_location_factory_rm","product.product_part_467","roll",10000
,,"sqp_config_2.stock_location_factory_rm","product.product_part_468","roll",10000
,,"sqp_config_2.stock_location_factory_rm","product.product_part_469","gal",10000
,,"sqp_config_2.stock_location_factory_rm","product.product_part_470","gal",10000
,,"sqp_config_2.stock_location_factory_rm","product.product_part_471","set",10000
,,"sqp_config_2.stock_location_factory_rm","product.product_part_472","pcs",10000
,,"sqp_config_2.stock_location_factory_rm","product.product_part_473","pcs",10000
,,"sqp_config_2.stock_location_factory_rm","product.product_part_474","pcs",10000
,,"sqp_config_2.stock_location_factory_rm","product.product_part_475","set",10000
,,"sqp_config_2.stock_location_factory_rm","product.product_part_476","pcs",10000
,,"sqp_config_2.stock_location_factory_rm","product.product_part_477","roll",10000
,,"sqp_config_2.stock_location_factory_rm","product.product_part_478","pcs",10000
,,"sqp_config_2.stock_location_factory_rm","product.product_part_479","kg",10000
,,"sqp_config_2.stock_location_factory_rm","product.product_part_480","roll",10000
,,"sqp_config_2.stock_location_factory_rm","product.product_part_481","roll",10000
,,"sqp_config_2.stock_location_factory_rm","product.product_part_482","kg",10000
,,"sqp_config_2.stock_location_factory_rm","product.product_part_483","pcs",10000
,,"sqp_config_2.stock_location_factory_rm","product.product_part_484","roll",10000
,,"sqp_config_2.stock_location_factory_rm","product.product_part_485","m",10000
,,"sqp_config_2.stock_location_factory_rm","product.product_part_486","pcs",10000
,,"sqp_config_2.stock_location_factory_rm","product.product_part_487","pcs",10000
,,"sqp_config_2.stock_location_factory_rm","product.product_part_488","pcs",10000
,,"sqp_config_2.stock_location_factory_rm","product.product_part_489","pcs",10000
,,"sqp_config_2.stock_location_factory_rm","product.product_part_490","m",10000
,,"sqp_config_2.stock_location_factory_rm","product.product_part_491","pcs",10000
,,"sqp_config_2.stock_location_factory_rm","product.product_part_492","pcs",10000
,,"sqp_config_2.stock_location_factory_rm","product.product_part_493","pcs",10000
,,"sqp_config_2.stock_location_factory_rm","product.product_part_494","pcs",10000
,,"sqp_config_2.stock_location_factory_rm","product.product_part_495","pcs",10000
,,"sqp_config_2.stock_location_factory_rm","product.product_part_496","m",10000
,,"sqp_config_2.stock_location_factory_rm","product.product_part_497","pcs",10000
,,"sqp_config_2.stock_location_factory_rm","product.product_part_498","pcs",10000
,,"sqp_config_2.stock_location_factory_rm","product.product_part_499","pcs",10000
,,"sqp_config_2.stock_location_factory_rm","product.product_part_500","pcs",10000
,,"sqp_config_2.stock_location_factory_rm","product.product_part_501","pcs",10000
,,"sqp_config_2.stock_location_factory_rm","product.product_part_502","pcs",10000
,,"sqp_config_2.stock_location_factory_rm","product.product_part_503","pcs",10000
,,"sqp_config_2.stock_location_factory_rm","product.product_part_504","kg",10000
,,"sqp_config_2.stock_location_factory_rm","product.product_part_505","pcs",10000
,,"sqp_config_2.stock_location_factory_rm","product.product_part_506","pcs",10000
,,"sqp_config_2.stock_location_factory_rm","product.product_part_507","pcs",10000
,,"sqp_config_2.stock_location_factory_rm","product.product_part_508","pcs",10000
,,"sqp_config_2.stock_location_factory_rm","product.product_part_509","pcs",10000
,,"sqp_config_2.stock_location_factory_rm","product.product_part_510","pcs",10000
,,"sqp_config_2.stock_location_factory_rm","product.product_part_511","pcs",10000
,,"sqp_config_2.stock_location_factory_rm","product.product_part_512","pcs",10000
,,"sqp_config_2.stock_location_factory_rm","product.product_part_513","pcs",10000
,,"sqp_config_2.stock_location_factory_rm","product.product_part_514","pcs",10000
,,"sqp_config_2.stock_location_factory_rm","product.product_part_515","pcs",10000
,,"sqp_config_2.stock_location_factory_rm","product.product_part_516","pcs",10000
,,"sqp_config_2.stock_location_factory_rm","product.product_part_517","pcs",10000
,,"sqp_config_2.stock_location_factory_rm","product.product_part_518","pcs",10000
,,"sqp_config_2.stock_location_factory_rm","product.product_part_519","pcs",10000
,,"sqp_config_2.stock_location_factory_rm","product.product_part_520","pcs",10000
,,"sqp_config_2.stock_location_factory_rm","product.product_part_521","pcs",10000
,,"sqp_config_2.stock_location_factory_rm","product.product_part_522","pcs",10000
,,"sqp_config_2.stock_location_factory_rm","product.product_part_523","pcs",10000
,,"sqp_config_2.stock_location_factory_rm","product.product_part_524","pcs",10000
,,"sqp_config_2.stock_location_factory_rm","product.product_part_525","pcs",10000
,,"sqp_config_2.stock_location_factory_rm","product.product_part_526","pcs",10000
,,"sqp_config_2.stock_location_factory_rm","product.product_part_527","pcs",10000
,,"sqp_config_2.stock_location_factory_rm","product.product_part_528","pcs",10000
,,"sqp_config_2.stock_location_factory_rm","product.product_part_529","pcs",10000
,,"sqp_config_2.stock_location_factory_rm","product.product_part_530","pcs",10000
,,"sqp_config_2.stock_location_factory_rm","product.product_part_531","pcs",10000
,,"sqp_config_2.stock_location_factory_rm","product.product_part_532","pcs",10000
,,"sqp_config_2.stock_location_factory_rm","product.product_part_533","pcs",10000
,,"sqp_config_2.stock_location_factory_rm","product.product_part_534","pcs",10000
,,"sqp_config_2.stock_location_factory_rm","product.product_part_535","pcs",10000
,,"sqp_config_2.stock_location_factory_rm","product.product_part_536","pcs",10000
,,"sqp_config_2.stock_location_factory_rm","product.product_part_537","pcs",10000
,,"sqp_config_2.stock_location_factory_rm","product.product_part_538","pcs",10000
,,"sqp_config_2.stock_location_factory_rm","product.product_part_539","pcs",10000
,,"sqp_config_2.stock_location_factory_rm","product.product_part_540","pcs",10000
,,"sqp_config_2.stock_location_factory_rm","product.product_part_541","pcs",10000
,,"sqp_config_2.stock_location_factory_rm","product.product_part_542","pcs",10000
,,"sqp_config_2.stock_location_factory_rm","product.product_part_543","pcs",10000
,,"sqp_config_2.stock_location_factory_rm","product.product_part_544","pcs",10000
,,"sqp_config_2.stock_location_factory_rm","product.product_part_545","pcs",10000
,,"sqp_config_2.stock_location_factory_rm","product.product_part_546","pcs",10000
,,"sqp_config_2.stock_location_factory_rm","product.product_part_547","pcs",10000
,,"sqp_config_2.stock_location_factory_rm","product.product_part_548","pcs",10000
,,"sqp_config_2.stock_location_factory_rm","product.product_part_549","pcs",10000
,,"sqp_config_2.stock_location_factory_rm","product.product_part_550","pcs",10000
,,"sqp_config_2.stock_location_factory_rm","product.product_part_551","pcs",10000
,,"sqp_config_2.stock_location_factory_rm","product.product_part_552","pcs",10000
,,"sqp_config_2.stock_location_factory_rm","product.product_part_553","kg",10000
,,"sqp_config_2.stock_location_factory_rm","product.product_part_554","pcs",10000
,,"sqp_config_2.stock_location_factory_rm","product.product_part_555","kg",10000
,,"sqp_config_2.stock_location_factory_rm","product.product_part_556","pcs",10000
,,"sqp_config_2.stock_location_factory_rm","product.product_part_557","pcs",10000
,,"sqp_config_2.stock_location_factory_rm","product.product_part_558","pcs",10000
,,"sqp_config_2.stock_location_factory_rm","product.product_part_559","pcs",10000
,,"sqp_config_2.stock_location_factory_rm","product.product_part_560","pcs",10000
,,"sqp_config_2.stock_location_factory_rm","product.product_part_561","m",10000
,,"sqp_config_2.stock_location_factory_rm","product.product_part_562","pcs",10000
,,"sqp_config_2.stock_location_factory_rm","product.product_part_563","kg",10000
,,"sqp_config_2.stock_location_factory_rm","product.product_part_564","gal",10000
,,"sqp_config_2.stock_location_factory_rm","product.product_part_565","pcs",10000
,,"sqp_config_2.stock_location_factory_rm","product.product_part_566","pcs",10000
,,"sqp_config_2.stock_location_factory_rm","product.product_part_567","pcs",10000
,,"sqp_config_2.stock_location_factory_rm","product.product_part_568","pcs",10000
,,"sqp_config_2.stock_location_factory_rm","product.product_part_569","pcs",10000
,,"sqp_config_2.stock_location_factory_rm","product.product_part_570","pcs",10000
,,"sqp_config_2.stock_location_factory_rm","product.product_part_571","pcs",10000
,,"sqp_config_2.stock_location_factory_rm","product.product_part_572","pcs",10000
,,"sqp_config_2.stock_location_factory_rm","product.product_part_573","pcs",10000
,,"sqp_config_2.stock_location_factory_rm","product.product_part_574","pcs",10000
,,"sqp_config_2.stock_location_factory_rm","product.product_part_575","pcs",10000
,,"sqp_config_2.stock_location_factory_rm","product.product_part_576","pcs",10000
,,"sqp_config_2.stock_location_factory_rm","product.product_part_577","set",10000
,,"sqp_config_2.stock_location_factory_rm","product.product_part_578","kg",10000
,,"sqp_config_2.stock_location_factory_rm","product.product_part_579","kg",10000
,,"sqp_config_2.stock_location_factory_rm","product.product_part_580","kg",10000
,,"sqp_config_2.stock_location_factory_rm","product.product_part_581","roll",10000
,,"sqp_config_2.stock_location_factory_rm","product.product_part_582","pcs",10000
,,"sqp_config_2.stock_location_factory_rm","product.product_part_583","kg",10000
,,"sqp_config_2.stock_location_factory_rm","product.product_part_584","kg",10000
,,"sqp_config_2.stock_location_factory_rm","product.product_part_585","kg",10000
,,"sqp_config_2.stock_location_factory_rm","product.product_part_586","pcs",10000
,,"sqp_config_2.stock_location_factory_rm","product.product_part_587","pcs",10000
,,"sqp_config_2.stock_location_factory_rm","product.product_part_588","pcs",10000
,,"sqp_config_2.stock_location_factory_rm","product.product_part_589","kg",10000
,,"sqp_config_2.stock_location_factory_rm","product.product_part_590","kg",10000
,,"sqp_config_2.stock_location_factory_rm","product.product_part_591","kg",10000
,,"sqp_config_2.stock_location_factory_rm","product.product_part_592","pcs",10000
,,"sqp_config_2.stock_location_factory_rm","product.product_part_593","pcs",10000
,,"sqp_config_2.stock_location_factory_rm","product.product_part_594","pcs",10000
,,"sqp_config_2.stock_location_factory_rm","product.product_part_595","set",10000
,,"sqp_config_2.stock_location_factory_rm","product.product_part_596","set",10000
,,"sqp_config_2.stock_location_factory_rm","product.product_part_597","pcs",10000
,,"sqp_config_2.stock_location_factory_rm","product.product_part_598","pcs",10000
,,"sqp_config_2.stock_location_factory_rm","product.product_part_599","pcs",10000
,,"sqp_config_2.stock_location_factory_rm","product.product_part_600","pcs",10000
,,"sqp_config_2.stock_location_factory_rm","product.product_part_601","pcs",10000
,,"sqp_config_2.stock_location_factory_rm","product.product_part_602","pcs",10000
,,"sqp_config_2.stock_location_factory_rm","product.product_part_603","kg",10000
,,"sqp_config_2.stock_location_factory_rm","product.product_part_604","pcs",10000
,,"sqp_config_2.stock_location_factory_rm","product.product_part_605","pcs",10000
,,"sqp_config_2.stock_location_factory_rm","product.product_part_606","pcs",10000
,,"sqp_config_2.stock_location_factory_rm","product.product_part_607","pcs",10000
,,"sqp_config_2.stock_location_factory_rm","product.product_part_608","pcs",10000
,,"sqp_config_2.stock_location_factory_rm","product.product_part_609","pcs",10000
,,"sqp_config_2.stock_location_factory_rm","product.product_part_610","pcs",10000
,,"sqp_config_2.stock_location_factory_rm","product.product_part_611","pcs",10000
,,"sqp_config_2.stock_location_factory_rm","product.product_part_612","pcs",10000
,,"sqp_config_2.stock_location_factory_rm","product.product_part_613","pcs",10000
,,"sqp_config_2.stock_location_factory_rm","product.product_part_614","pcs",10000
,,"sqp_config_2.stock_location_factory_rm","product.product_part_615","pcs",10000
,,"sqp_config_2.stock_location_factory_rm","product.product_part_616","pcs",10000
,,"sqp_config_2.stock_location_factory_rm","product.product_part_617","pcs",10000
,,"sqp_config_2.stock_location_factory_rm","product.product_part_618","pcs",10000
,,"sqp_config_2.stock_location_factory_rm","product.product_part_619","pcs",10000
,,"sqp_config_2.stock_location_factory_rm","product.product_part_620","pcs",10000
,,"sqp_config_2.stock_location_factory_rm","product.product_part_621","pcs",10000
,,"sqp_config_2.stock_location_factory_rm","product.product_part_622","pcs",10000
,,"sqp_config_2.stock_location_factory_rm","product.product_part_623","pcs",10000
,,"sqp_config_2.stock_location_factory_rm","product.product_part_624","pcs",10000
,,"sqp_config_2.stock_location_factory_rm","product.product_part_625","pcs",10000
,,"sqp_config_2.stock_location_factory_rm","product.product_part_626","pcs",10000
,,"sqp_config_2.stock_location_factory_rm","product.product_part_627","pcs",10000
,,"sqp_config_2.stock_location_factory_rm","product.product_part_628","pcs",10000
,,"sqp_config_2.stock_location_factory_rm","product.product_part_629","pcs",10000
,,"sqp_config_2.stock_location_factory_rm","product.product_part_630","pcs",10000
,,"sqp_config_2.stock_location_factory_rm","product.product_part_631","pcs",10000
,,"sqp_config_2.stock_location_factory_rm","product.product_part_632","pcs",10000
,,"sqp_config_2.stock_location_factory_rm","product.product_part_633","pcs",10000
,,"sqp_config_2.stock_location_factory_rm","product.product_part_634","pcs",10000
,,"sqp_config_2.stock_location_factory_rm","product.product_part_635","pcs",10000
,,"sqp_config_2.stock_location_factory_rm","product.product_part_636","pcs",10000
,,"sqp_config_2.stock_location_factory_rm","product.product_part_637","pcs",10000
,,"sqp_config_2.stock_location_factory_rm","product.product_part_638","pcs",10000
,,"sqp_config_2.stock_location_factory_rm","product.product_part_639","pcs",10000
,,"sqp_config_2.stock_location_factory_rm","product.product_part_640","pcs",10000
,,"sqp_config_2.stock_location_factory_rm","product.product_part_641","pcs",10000
,,"sqp_config_2.stock_location_factory_rm","product.product_part_642","pcs",10000
,,"sqp_config_2.stock_location_factory_rm","product.product_part_643","pcs",10000
,,"sqp_config_2.stock_location_factory_rm","product.product_part_644","pcs",10000
,,"sqp_config_2.stock_location_factory_rm","product.product_part_645","pcs",10000
,,"sqp_config_2.stock_location_factory_rm","product.product_part_646","pcs",10000
,,"sqp_config_2.stock_location_factory_rm","product.product_part_647","pcs",10000
,,"sqp_config_2.stock_location_factory_rm","product.product_part_648","pcs",10000
,,"sqp_config_2.stock_location_factory_rm","product.product_part_649","pcs",10000
,,"sqp_config_2.stock_location_factory_rm","product.product_part_650","pcs",10000
,,"sqp_config_2.stock_location_factory_rm","product.product_part_651","pcs",10000
,,"sqp_config_2.stock_location_factory_rm","product.product_part_652","set",10000
,,"sqp_config_2.stock_location_factory_rm","product.product_part_653","set",10000
,,"sqp_config_2.stock_location_factory_rm","product.product_part_654","set",10000
,,"sqp_config_2.stock_location_factory_rm","product.product_part_655","set",10000
,,"sqp_config_2.stock_location_factory_rm","product.product_part_656","pcs",10000
,,"sqp_config_2.stock_location_factory_rm","product.product_part_657","pcs",10000
,,"sqp_config_2.stock_location_factory_rm","product.product_part_658","pcs",10000
,,"sqp_config_2.stock_location_factory_rm","product.product_part_659","pcs",10000
,,"sqp_config_2.stock_location_factory_rm","product.product_part_660","pcs",10000
,,"sqp_config_2.stock_location_factory_rm","product.product_part_661","pcs",10000
,,"sqp_config_2.stock_location_factory_rm","product.product_part_662","pcs",10000
,,"sqp_config_2.stock_location_factory_rm","product.product_part_663","pcs",10000
,,"sqp_config_2.stock_location_factory_rm","product.product_part_664","pcs",10000
,,"sqp_config_2.stock_location_factory_rm","product.product_part_665","pcs",10000
,,"sqp_config_2.stock_location_factory_rm","product.product_part_666","pcs",10000
,,"sqp_config_2.stock_location_factory_rm","product.product_part_667","pcs",10000
,,"sqp_config_2.stock_location_factory_rm","product.product_part_668","pcs",10000
,,"sqp_config_2.stock_location_factory_rm","product.product_part_669","pcs",10000
,,"sqp_config_2.stock_location_factory_rm","product.product_part_670","pcs",10000
,,"sqp_config_2.stock_location_factory_rm","product.product_part_671","pcs",10000
,,"sqp_config_2.stock_location_factory_rm","product.product_part_672","pcs",10000
,,"sqp_config_2.stock_location_factory_rm","product.product_part_673","pcs",10000
,,"sqp_config_2.stock_location_factory_rm","product.product_part_674","pcs",10000
,,"sqp_config_2.stock_location_factory_rm","product.product_part_675","pcs",10000
,,"sqp_config_2.stock_location_factory_rm","product.product_part_676","pcs",10000
,,"sqp_config_2.stock_location_factory_rm","product.product_part_677","set",10000
,,"sqp_config_2.stock_location_factory_rm","product.product_part_678","pcs",10000
,,"sqp_config_2.stock_location_factory_rm","product.product_part_679","pcs",10000
,,"sqp_config_2.stock_location_factory_rm","product.product_part_680","pcs",10000
,,"sqp_config_2.stock_location_factory_rm","product.product_part_681","pcs",10000
,,"sqp_config_2.stock_location_factory_rm","product.product_part_682","pcs",10000
,,"sqp_config_2.stock_location_factory_rm","product.product_part_683","pcs",10000
,,"sqp_config_2.stock_location_factory_rm","product.product_part_684","pcs",10000
,,"sqp_config_2.stock_location_factory_rm","product.product_part_685","pcs",10000
,,"sqp_config_2.stock_location_factory_rm","product.product_part_686","kg",10000
,,"sqp_config_2.stock_location_factory_rm","product.product_part_687","kg",10000
,,"sqp_config_2.stock_location_factory_rm","product.product_part_688","kg",10000
,,"sqp_config_2.stock_location_factory_rm","product.product_part_689","kg",10000
,,"sqp_config_2.stock_location_factory_rm","product.product_part_690","kg",10000
,,"sqp_config_2.stock_location_factory_rm","product.product_part_691","kg",10000
,,"sqp_config_2.stock_location_factory_rm","product.product_part_692","kg",10000
,,"sqp_config_2.stock_location_factory_rm","product.product_part_693","kg",10000
,,"sqp_config_2.stock_location_factory_rm","product.product_part_694","kg",10000
,,"sqp_config_2.stock_location_factory_rm","product.product_part_695","kg",10000
,,"sqp_config_2.stock_location_factory_rm","product.product_part_696","kg",10000
,,"sqp_config_2.stock_location_factory_rm","product.product_part_697","kg",10000
,,"sqp_config_2.stock_location_factory_rm","product.product_part_698","kg",10000
,,"sqp_config_2.stock_location_factory_rm","product.product_part_699","tank",10000
,,"sqp_config_2.stock_location_factory_rm","product.product_part_700","kg",10000
,,"sqp_config_2.stock_location_factory_rm","product.product_part_701","kg",10000
,,"sqp_config_2.stock_location_factory_rm","product.product_part_702","kg",10000
,,"sqp_config_2.stock_location_factory_rm","product.product_part_703","kg",10000
,,"sqp_config_2.stock_location_factory_rm","product.product_part_704","kg",10000
,,"sqp_config_2.stock_location_factory_rm","product.product_part_705","kg",10000
,,"sqp_config_2.stock_location_factory_rm","product.product_part_706","pcs",10000
,,"sqp_config_2.stock_location_factory_rm","product.product_part_707","pcs",10000
,,"sqp_config_2.stock_location_factory_rm","product.product_part_708","pcs",10000
,,"sqp_config_2.stock_location_factory_rm","product.product_part_710","pcs",10000
,,"sqp_config_2.stock_location_factory_rm","product.product_part_711","pcs",10000
,,"sqp_config_2.stock_location_factory_rm","product.product_part_712","pcs",10000
,,"sqp_config_2.stock_location_factory_rm","product.product_part_713","pcs",10000
,,"sqp_config_2.stock_location_factory_rm","product.product_part_714","pcs",10000
,,"sqp_config_2.stock_location_factory_rm","product.product_part_715","pcs",10000
,,"sqp_config_2.stock_location_factory_rm","product.product_part_716","pcs",10000
,,"sqp_config_2.stock_location_factory_rm","product.product_part_717","pcs",10000
,,"sqp_config_2.stock_location_factory_rm","product.product_part_718","pcs",10000
,,"sqp_config_2.stock_location_factory_rm","product.product_part_719","pcs",10000
,,"sqp_config_2.stock_location_factory_rm","product.product_part_720","pcs",10000
,,"sqp_config_2.stock_location_factory_rm","product.product_part_721","pcs",10000
,,"sqp_config_2.stock_location_factory_rm","product.product_part_722","pcs",10000
,,"sqp_config_2.stock_location_factory_rm","product.product_part_723","pcs",10000
,,"sqp_config_2.stock_location_factory_rm","product.product_part_724","pcs",10000
,,"sqp_config_2.stock_location_factory_rm","product.product_part_725","pcs",10000
,,"sqp_config_2.stock_location_factory_rm","product.product_part_726","pcs",10000
,,"sqp_config_2.stock_location_factory_rm","product.product_part_727","pcs",10000
,,"sqp_config_2.stock_location_factory_rm","product.product_part_728","pcs",10000
,,"sqp_config_2.stock_location_factory_rm","product.product_part_729","pcs",10000
,,"sqp_config_2.stock_location_factory_rm","product.product_part_730","pcs",10000
,,"sqp_config_2.stock_location_factory_rm","product.product_part_731","pcs",10000
,,"sqp_config_2.stock_location_factory_rm","product.product_part_732","pcs",10000
,,"sqp_config_2.stock_location_factory_rm","product.product_part_733","pcs",10000
,,"sqp_config_2.stock_location_factory_rm","product.product_part_734","pcs",10000
,,"sqp_config_2.stock_location_factory_rm","product.product_part_735","pcs",10000
,,"sqp_config_2.stock_location_factory_rm","product.product_part_736","pcs",10000
,,"sqp_config_2.stock_location_factory_rm","product.product_part_737","pcs",10000
,,"sqp_config_2.stock_location_factory_rm","product.product_part_738","pcs",10000
,,"sqp_config_2.stock_location_factory_rm","product.product_part_739","pcs",10000
,,"sqp_config_2.stock_location_factory_rm","product.product_part_740","pcs",10000
,,"sqp_config_2.stock_location_factory_rm","product.product_part_742","pcs",10000
,,"sqp_config_2.stock_location_factory_rm","product.product_part_743","pcs",10000
,,"sqp_config_2.stock_location_factory_rm","product.product_part_744","pcs",10000
,,"sqp_config_2.stock_location_factory_rm","product.product_part_745","pcs",10000
,,"sqp_config_2.stock_location_factory_rm","product.product_part_746","pcs",10000
,,"sqp_config_2.stock_location_factory_rm","product.product_part_747","pcs",10000
,,"sqp_config_2.stock_location_factory_rm","product.product_part_748","pcs",10000
,,"sqp_config_2.stock_location_factory_rm","product.product_part_749","pcs",10000
,,"sqp_config_2.stock_location_factory_rm","product.product_part_750","pcs",10000
,,"sqp_config_2.stock_location_factory_rm","product.product_part_751","pcs",10000
,,"sqp_config_2.stock_location_factory_rm","product.product_part_752","pcs",10000
,,"sqp_config_2.stock_location_factory_rm","product.product_part_753","pcs",10000
,,"sqp_config_2.stock_location_factory_rm","product.product_part_754","pcs",10000
,,"sqp_config_2.stock_location_factory_rm","product.product_part_755","pcs",10000
,,"sqp_config_2.stock_location_factory_rm","product.product_part_756","pcs",10000
,,"sqp_config_2.stock_location_factory_rm","product.product_part_757","pcs",10000
,,"sqp_config_2.stock_location_factory_rm","product.product_part_758","pcs",10000
,,"sqp_config_2.stock_location_factory_rm","product.product_part_759","pcs",10000
,,"sqp_config_2.stock_location_factory_rm","product.product_part_760","pcs",10000
,,"sqp_config_2.stock_location_factory_rm","product.product_part_761","pcs",10000
